gridID,ShorelineT,ShorelineD,InletName,InletDist_,SAVDist_km
"1",Marsh,24.773304287270204,Lockwoods Folly Inlet,56.005297834531703,184.014525622156640
"2",Marsh,13.724376639134034,Lockwoods Folly Inlet,44.898008941377086,174.341322421338162
"3",Marsh,3.849032794274815,Lockwoods Folly Inlet,33.861081445203268,164.854408106425979
"4",Sediment Bank,2.803976936213885,Lockwoods Folly Inlet,22.996075402903664,155.592262892066714
"5",Marsh,6.174059738886238,Lockwoods Folly Inlet,12.750372861710838,146.559844883191943
"6",Marsh,7.283374216006456,Lockwoods Folly Inlet,6.915990068752182,137.871495763702882
"7",Modified,6.888957755945592,Cape Fear Inlet,8.353373125380640,129.563142094338360
"8",Marsh,1.590124286971515,Cape Fear Inlet,3.966927422126131,121.712639520441982
"9",Marsh,8.760706153687234,Cape Fear Inlet,14.605519106573938,114.414285081267749
"10",Marsh,20.132651346535205,Carolina Beach Inlet,27.682231416435275,107.780314845215230
"11",Marsh,30.048807089893170,Carolina Beach Inlet,33.848933648506211,101.940529828818100
"12",Marsh shoreline waterward of a vertical structure,41.340970045671916,Carolina Beach Inlet,42.145153044389644,97.038427585886879
"13",Marsh shoreline waterward of a vertical structure,51.378800797849344,Carolina Beach Inlet,51.552845735179943,93.222057856533823
"14",Sediment Bank,65.899806886337586,New Topsail Inlet,65.518159102276400,90.621282324186950
"15",Sediment Bank,75.364732159923435,New River Inlet,77.337438355493262,89.348342155683810
"16",Sediment Bank,80.922123250397803,New River Inlet,80.679272037854702,89.461410338057007
"17",Sediment Bank,85.672387570736561,New River Inlet,85.363330921070244,90.952861676253519
"18",Sediment Bank,87.281407938693235,Barden's Inlet,90.089658702727291,89.853164891719430
"19",Marsh,84.926870679874156,Barden's Inlet,88.167245562076786,87.655209470227206
"20",Sediment Bank,85.238127092671093,Barden's Inlet,87.636385062697073,86.848473191904944
"21",Sediment Bank,85.876901663426153,Barden's Inlet,88.522116603847792,87.471047812766287
"22",Sediment Bank,87.940698205015337,Barden's Inlet,90.782985147759632,89.493213248304230
"23",Sediment Bank,91.332963854725634,Barden's Inlet,94.320152699023581,92.826046360264598
"24",Sediment Bank,95.912840823610225,Barden's Inlet,98.996902165760062,97.321227055389116
"25",Sediment Bank,101.519719419216898,Barden's Inlet,104.660572378145403,102.837450354814720
"26",Sediment Bank,107.993749386197223,Barden's Inlet,111.160406109503427,109.221502615292877
"27",Sediment Bank,115.188803881984413,Barden's Inlet,118.358717792986468,116.327463230447066
"28",Sediment Bank,122.978384505915031,Drum Inlet,130.305876603630367,124.033013617783070
"29",Sediment Bank,131.256675356885353,Drum Inlet,136.692109843807145,138.287332409581040
"30",Marsh,150.016415832353033,Ocracoke Inlet,148.772951749364523,144.933865025479463
"31",Modified,25.700854910291437,Lockwoods Folly Inlet,55.671531995399334,179.018455190515937
"32",Modified,15.165793849711344,Lockwoods Folly Inlet,44.495033650141735,169.071144848274002
"33",Modified,7.125568639509490,Lockwoods Folly Inlet,33.339461619553312,159.284315418033998
"34",Marsh,6.354188256172670,Lockwoods Folly Inlet,22.236360543429392,149.689462627829869
"35",Marsh,0.544107206796248,Lockwoods Folly Inlet,11.340942087430248,140.323373104850361
"36",Marsh shoreline waterward of a vertical structure,0.574417825553246,Lockwoods Folly Inlet,3.742181566947783,131.206575012458984
"37",Marsh,1.684536273578961,Cape Fear Inlet,11.510143277281530,122.457010286060367
"38",Marsh,0.548742465414196,Cape Fear Inlet,8.860099084917964,114.128409131732923
"39",Marsh,5.769629948181774,Carolina Beach Inlet,14.648149807945853,106.319759856309872
"40",Modified,16.666009784784610,Carolina Beach Inlet,18.516192167464492,99.153993919578781
"41",Marsh shoreline waterward of a vertical structure,26.572559412563407,Carolina Beach Inlet,26.867632922679224,92.780199325631557
"42",Modified,38.619058227269093,Masonboro Inlet,38.183252505779237,87.371881661271473
"43",Sediment Bank,50.994830159247400,Rich Inlet,49.061703021035925,83.117728852458129
"44",Marsh,59.229551355561995,New Topsail Inlet,57.050756296048363,80.200517541233197
"45",Sediment Bank,65.712147593714249,New River Inlet,67.064770927336511,78.756310339861983
"46",Sediment Bank,71.161085910239066,New River Inlet,70.888339173182942,78.884195373730677
"47",Marsh,79.679150300537714,Bogue Inlet,79.460270973595343,81.179613817640657
"48",Sediment Bank,77.049191235007029,Barden's Inlet,79.806435091585030,79.642630426574797
"49",Marsh,74.420933064121002,Barden's Inlet,77.632264501281043,77.157184991397301
"50",Sediment Bank,74.630115305419679,Barden's Inlet,77.029514424191305,76.240480226868087
"51",Sediment Bank,75.358047459191127,Barden's Inlet,78.034607815897445,76.948102226129777
"52",Sediment Bank,77.699142304355817,Barden's Inlet,80.587406235714639,79.246560184892417
"53",Sediment Bank,81.514525058657810,Barden's Inlet,84.547830235308325,82.974146915161270
"54",Sediment Bank,86.609570465871386,Barden's Inlet,89.729681537172624,87.968719447601899
"55",Sediment Bank,92.773677304161453,Barden's Inlet,95.935234477952889,94.028589923488809
"56",Sediment Bank,99.808961210569436,Barden's Inlet,102.979582233723235,100.963005767886628
"57",Sediment Bank,107.544578590705143,Drum Inlet,115.376504978102815,108.602351862786037
"58",Sediment Bank,115.840303268803652,Drum Inlet,121.517262846649899,123.341677249699018
"59",Marsh,130.304009008042584,Ocracoke Inlet,134.494131051622389,129.824909977970549
"60",Sediment Bank,143.818331465240874,Hatteras Inlet,143.346463879695563,143.848393084036871
"61",Modified,30.245918911180823,Lockwoods Folly Inlet,57.333419938220850,174.525663721998228
"62",Modified,22.017371571851136,Lockwoods Folly Inlet,46.571046802670033,164.317436436894326
"63",Modified,17.485353755244702,Lockwoods Folly Inlet,36.076942149246094,154.240982211638141
"64",Sediment Bank,10.940736566890363,Lockwoods Folly Inlet,26.175796414451728,144.322769283660278
"65",Marsh,7.138503650297422,Lockwoods Folly Inlet,17.881357645224657,134.597799232094388
"66",Swamp Forest,3.378742356204200,Lockwoods Folly Inlet,14.326833760839948,125.108817181243694
"67",Marsh,11.956168745920801,Lockwoods Folly Inlet,18.485619305230891,115.887310290054955
"68",Swamp Forest,3.855047023022894,Carolina Beach Inlet,11.775038850253052,107.059153318486707
"69",Marsh shoreline waterward of a vertical structure,1.789068273234752,Carolina Beach Inlet,4.041092295138306,98.702576530994790
"70",Sediment Bank,12.494941932142412,Carolina Beach Inlet,12.019473667670145,90.947677542271123
"71",Modified,23.195456421462470,Masonboro Inlet,22.757494222655914,83.961352505181381
"72",Marsh,34.035165916040590,Rich Inlet,33.890641773839299,77.950537827885981
"73",Sediment Bank,42.081385615849094,New Topsail Inlet,41.755163321374098,73.156095690120978
"74",Marsh,50.900179740288053,New River Inlet,54.420527291074499,69.828079935193188
"75",Modified,56.598857138876326,New River Inlet,56.915250252400405,68.169205707478255
"76",Sediment Bank,61.680363945993335,New River Inlet,61.369580662639144,68.316488482110302
"77",Marsh,69.493510467233165,Bogue Inlet,69.215119314272627,70.638888001950136
"78",Sediment Bank,66.934044406793802,Barden's Inlet,69.620696161154115,69.551130695638122
"79",Marsh,63.948672239945608,Barden's Inlet,67.120251802111326,66.693936946692304
"80",Sediment Bank,64.022068725761272,Barden's Inlet,66.422968763597169,65.632455356806105
"81",Sediment Bank,64.868201496760577,Barden's Inlet,67.584681687304084,66.452173084947120
"82",Sediment Bank,67.570715079484714,Barden's Inlet,70.513567761404744,69.092584464105272
"83",Sediment Bank,71.920641593154158,Barden's Inlet,75.002882092864581,73.333458152610405
"84",Sediment Bank,77.641574907074542,Barden's Inlet,80.792917509055982,78.934284319807276
"85",Sediment Bank,84.455353405633502,Barden's Inlet,87.626203533405999,85.629650469320836
"86",Sediment Bank,92.119785112671210,Barden's Inlet,95.278532529913107,93.181367033923436
"87",Sediment Bank,100.440313113378693,Drum Inlet,106.420113918585201,101.399737292779250
"88",Marsh,114.159600044608581,Drum Inlet,113.041173951331658,114.804904039935806
"89",Marsh,126.080730972765309,Ocracoke Inlet,124.804173215523505,122.247487213417870
"90",Sediment Bank,133.605555179876347,Hatteras Inlet,133.171976177910778,133.604169825217241
"91",Modified,37.338838762020679,Lockwoods Folly Inlet,60.827696043413326,170.573463268307563
"92",Modified,31.058338728284824,Lockwoods Folly Inlet,50.823270933959854,160.126884887383170
"93",Modified,28.032021047331288,Lockwoods Folly Inlet,41.432614172973238,149.781063026827923
"94",Sediment Bank,20.064763216837491,Lockwoods Folly Inlet,33.181015150553542,139.557238228012551
"95",Marsh,16.432626454654670,Lockwoods Folly Inlet,27.128591539311110,129.486648549411768
"96",Sediment Bank,13.385965603695420,Lockwoods Folly Inlet,24.931990819213414,119.606894288085499
"97",Swamp Forest,3.372356535108297,Carolina Beach Inlet,23.188841114601136,109.969437953628571
"98",Sediment Bank,0.301665554238423,Carolina Beach Inlet,12.859311826309153,100.641104471404617
"99",Modified,0.345050339139655,Carolina Beach Inlet,6.571015892015158,91.681846328520948
"100",Modified,7.792754476247030,Masonboro Inlet,7.343053491513350,83.285673259499831
"101",Modified,17.927489792133628,Mason Inlet,17.366918555424533,75.603651276887589
"102",Sediment Bank,27.025367403527142,New Topsail Inlet,26.613036355233657,68.875168515955693
"103",Marsh,35.240876256767073,New Topsail Inlet,34.008480579369461,63.404534648732479
"104",Sediment Bank,41.735040110110951,New River Inlet,43.916260251865658,59.538748335410965
"105",Sediment Bank,47.225493914654145,New River Inlet,46.968888585794886,57.589836718440147
"106",Sediment Bank,52.631758144594073,Brown's Inlet,54.064598955981054,57.763599073609434
"107",Marsh,60.181756684160987,Bogue Inlet,59.098182521493214,60.338110621866022
"108",Sediment Bank,57.927901572562533,Barden's Inlet,59.582546468375789,59.639209614266193
"109",Marsh,53.529954764360816,Barden's Inlet,56.644088869367465,56.284956420616481
"110",Sediment Bank,53.414064761318713,Barden's Inlet,55.817027244229408,55.024475387181873
"111",Sediment Bank,54.424236042175018,Barden's Inlet,57.193034157078003,55.998547329680790
"112",Sediment Bank,57.615200677458439,Barden's Inlet,60.622276919721749,59.098372331230280
"113",Sediment Bank,62.654636261887198,Barden's Inlet,65.784434800419049,63.999581645676265
"114",Sediment Bank,69.139517584638625,Barden's Inlet,72.309310836069102,70.341898239815677
"115",Sediment Bank,76.704096823928182,Barden's Inlet,79.863589244763261,77.770544693658437
"116",Sediment Bank,85.060793576403796,Drum Inlet,91.434670815547236,86.006180023374199
"117",Marsh,97.147572735948501,Drum Inlet,97.794655772880361,99.400934751231446
"118",Marsh,106.448171260581773,Ocracoke Inlet,110.603465581643235,106.017272510834118
"119",Marsh,116.429262070253245,Ocracoke Inlet,115.275914657030000,116.631840258168310
"120",Sediment Bank,123.459379189932974,Hatteras Inlet,123.070645883935086,123.981807453390019
"121",Modified,45.811180852147594,Lockwoods Folly Inlet,65.863439824837087,167.201772107448562
"122",Modified,40.860483404126803,Lockwoods Folly Inlet,56.764830330484237,156.542832175921831
"123",Sediment Bank,34.665574961095629,Lockwoods Folly Inlet,48.547683021843049,145.955600341857490
"124",Marsh,27.355223266381593,Lockwoods Folly Inlet,41.735939121482751,135.456908570531141
"125",Marsh,19.999389684703559,Lockwoods Folly Inlet,37.111724416109702,125.069072764591667
"126",Marsh,15.138941282010940,Lockwoods Folly Inlet,35.539449396153849,114.821038919707178
"127",Swamp Forest,7.921456109596980,Carolina Beach Inlet,28.091085515815085,104.756121024318574
"128",Modified,0.264283927566518,Masonboro Inlet,17.800616765824433,94.931510446901882
"129",Marsh,2.629746926134432,Masonboro Inlet,8.073388476753490,85.427722694315193
"130",Sediment Bank,2.267297561629933,Mason Inlet,2.039684121913194,76.332135902530027
"131",Marsh,11.317630649805746,Rich Inlet,10.384523030817393,67.877728335888136
"132",Modified,19.085230662420368,New Topsail Inlet,18.626018594855061,60.302269259648313
"133",Marsh,27.004438394263921,New Topsail Inlet,28.191226761799303,53.977119072171291
"134",Marsh,32.748192524535668,New River Inlet,33.477778207434469,49.385060043212469
"135",Sediment Bank,37.703722516717434,New River Inlet,37.388318476526408,47.023862658887552
"136",Marsh,45.950371349185907,Bear Inlet,45.049223459271886,47.235570490673830
"137",Marsh,49.673777234902765,Bogue Inlet,49.188743350741817,49.751943796304474
"138",Sediment Bank,48.192094375258968,Barden's Inlet,49.781453508218902,51.510457409479386
"139",Sediment Bank,43.397446667503999,Barden's Inlet,46.228268402456258,45.967238114945481
"140",Sediment Bank,42.806257779565534,Barden's Inlet,45.212231174519872,44.416690717581879
"141",Sediment Bank,44.058909771971088,Barden's Inlet,46.898532932699432,45.616432618391549
"142",Sediment Bank,47.940553359836507,Barden's Inlet,51.019919713256613,49.361168508989977
"143",Sediment Bank,53.886014629773264,Barden's Inlet,57.051071147384690,55.128673641651282
"144",Sediment Bank,61.297670534174486,Barden's Inlet,64.458118129830055,62.370820715562878
"145",Sediment Bank,69.709403640116392,Drum Inlet,76.621125911181934,70.633904189939088
"146",Marsh,81.833630731376772,Drum Inlet,82.615252453516348,83.539474385855002
"147",Marsh,91.428263153118195,Drum Inlet,89.595817687985814,90.928343937853711
"148",Marsh,102.178885651240748,Ocracoke Inlet,100.855519357754986,102.392901219149309
"149",Sediment Bank,110.202455431304458,Hatteras Inlet,109.693572766528490,110.269892506438850
"150",Marsh,113.967189364974473,Hatteras Inlet,113.062129376437369,113.733481013408891
"151",Modified,55.029559355091934,Lockwoods Folly Inlet,72.118540599402365,164.446333162359451
"152",Modified,50.986775819485423,Lockwoods Folly Inlet,63.926490909583478,153.609053857245613
"153",Marsh,33.013231590590131,Lockwoods Folly Inlet,56.764463719125601,142.817217899427931
"154",Marsh,22.209002597877777,Lockwoods Folly Inlet,51.067694480093202,132.081982073403907
"155",Marsh,12.054120668683380,Lockwoods Folly Inlet,47.367840775689452,121.418377701358182
"156",Marsh,6.243477746882990,Lockwoods Folly Inlet,46.147736834668123,110.847097278522298
"157",Swamp Forest,3.752516013724374,Masonboro Inlet,32.427650486090776,100.397326198195302
"158",Swamp Forest,0.740728308511452,Masonboro Inlet,23.470110147306663,90.110246522016780
"159",Swamp Forest,4.154729491378803,Mason Inlet,13.465462211098572,80.050766141968126
"160",Marsh,2.383158887443822,Rich Inlet,5.038652397974560,70.315645958794136
"161",Modified,3.242050677094044,New Topsail Inlet,3.497940346203431,61.024101699986126
"162",Marsh,11.263497189428877,New Topsail Inlet,14.515516959472984,52.478770830330276
"163",Sediment Bank,17.795723958716856,New River Inlet,22.570972093790843,45.077799031378646
"164",Sediment Bank,23.401582607894508,New River Inlet,23.194298340620374,39.470264220103310
"165",Sediment Bank,28.947947530568207,Brown's Inlet,30.407879970900144,36.481822170988131
"166",Marsh,35.798180034811317,Bogue Inlet,35.584452673515983,36.753916042627637
"167",Marsh,39.140103081159779,Bogue Inlet,39.642844860295945,39.178683865990507
"168",Sediment Bank,38.915292825205853,Beaufort Inlet,41.069958311259150,41.061829011696375
"169",Sediment Bank,33.204845579095618,Barden's Inlet,35.925460479336053,35.819878970464721
"170",Sediment Bank,32.199005870071474,Barden's Inlet,34.609785513475394,33.809440785756493
"171",Sediment Bank,33.844708194646870,Barden's Inlet,36.782977393604831,35.376931262429075
"172",Sediment Bank,38.757811872653399,Barden's Inlet,41.905715672065263,40.068912926160358
"173",Sediment Bank,45.900834334666136,Barden's Inlet,49.062627478099955,46.984317607797195
"174",Sediment Bank,54.402382668142586,Drum Inlet,62.095957313327759,55.293206508440747
"175",Marsh,66.568110587167808,Drum Inlet,67.542120176540053,68.557961563655013
"176",Marsh,75.273130892315038,Drum Inlet,74.265304058240801,75.521907895051683
"177",Marsh,83.172701747326883,Ocracoke Inlet,86.771550147073754,83.367101840629445
"178",Marsh,92.472732044249227,Ocracoke Inlet,91.299574945629004,92.677459260610732
"179",Sediment Bank,99.936408367722507,Hatteras Inlet,99.474922499612006,99.965484393287610
"180",Marsh,103.945652915064784,Hatteras Inlet,103.173491731879764,103.805668520241966
"181",Marsh,54.739193410175218,Lockwoods Folly Inlet,79.305061378841046,162.338561635458547
"182",Marsh,43.630267029969239,Lockwoods Folly Inlet,71.944883610275397,151.363401013042903
"183",Marsh,32.545847193466116,Lockwoods Folly Inlet,65.670789072910338,140.412032078859340
"184",Marsh,21.523856699882757,Lockwoods Folly Inlet,60.819838528409925,129.490509118048067
"185",Marsh,10.757962906896555,Lockwoods Folly Inlet,57.751777526791486,118.607095091637703
"186",Marsh,4.074891683854696,Masonboro Inlet,47.531521698470847,107.773353857721887
"187",Swamp Forest,0.134036465951843,Masonboro Inlet,38.859770137853353,97.005947591608205
"188",Swamp Forest,2.777508716856663,Mason Inlet,28.848711930295575,86.329718975360393
"189",Swamp Forest,3.725825947377162,Rich Inlet,20.416927909351404,75.783231318517934
"190",Swamp Forest,4.331389999739052,New Topsail Inlet,12.315165111162406,65.429272046821254
"191",Marsh,1.522452331422060,New Topsail Inlet,10.066777343479211,55.374206066747405
"192",Marsh,2.474914589093906,New Topsail Inlet,17.308357852608435,45.816182258955052
"193",Marsh,8.460348995034067,New River Inlet,12.320541497127413,37.088829865144120
"194",Sediment Bank,13.765080349006507,New River Inlet,13.427210670934468,30.033564465023513
"195",Marsh,21.870067487975565,Brown's Inlet,20.364532567113585,25.994212799724785
"196",Modified,25.696922799282760,Bogue Inlet,25.371627842776999,26.379302141467114
"197",Modified,28.580200442240727,Bogue Inlet,30.800547833335330,28.629686630428843
"198",Modified,30.699689884292575,Beaufort Inlet,30.916253483712396,30.688507994052873
"199",Sediment Bank,24.246371372353902,Barden's Inlet,25.871240370079246,26.065787022811421
"200",Sediment Bank,21.593371162011760,Barden's Inlet,24.013023297324050,23.203686103206405
"201",Sediment Bank,23.975784413618815,Barden's Inlet,27.048083132492465,25.416906946790032
"202",Sediment Bank,30.514518924968499,Barden's Inlet,33.678500488893185,31.617225896704625
"203",Sediment Bank,39.181195066965806,Barden's Inlet,42.243963957781006,40.010078843070438
"204",Marsh,51.386129083056773,Drum Inlet,52.658722580896637,53.743367768230563
"205",Marsh,60.311020500224132,Drum Inlet,58.975977299578496,60.617369794410074
"206",Marsh,67.574876239488248,Drum Inlet,66.561820175339378,67.146245817524644
"207",Marsh,78.331794007773070,Ocracoke Inlet,76.935543250300043,78.551434063613101
"208",Marsh,84.786242752619060,Ocracoke Inlet,82.002847023068455,85.327690434138432
"209",Sediment Bank,89.750014361866718,Hatteras Inlet,89.347162693675017,89.731943992943854
"210",Marsh,93.781290157003596,Hatteras Inlet,93.442855710103984,93.653242431650256
"211",Marsh,56.468091684765902,Lockwoods Folly Inlet,87.193061003132286,160.900605079414333
"212",Marsh,45.794228602633503,Lockwoods Folly Inlet,80.564673839132496,149.835853010800037
"213",Swamp Forest,33.829432282646785,Lockwoods Folly Inlet,75.021548308481172,138.779894307200578
"214",Swamp Forest,22.766422917948780,Lockwoods Folly Inlet,70.818989170557586,127.735030309952663
"215",Swamp Forest,11.832766226524525,Lockwoods Folly Inlet,68.205257039993029,116.704195957101973
"216",Swamp Forest,3.089346892785483,Mason Inlet,52.776667587305845,105.679699250618512
"217",Swamp Forest,7.600824415785436,Mason Inlet,44.227920367315299,94.687776079522578
"218",Swamp Forest,11.004130142660353,Mason Inlet,37.086475616299680,83.729783831674197
"219",Marsh,2.871013765937303,New Topsail Inlet,27.647315395394219,72.821061093723216
"220",Swamp Forest,7.295188952797804,New Topsail Inlet,21.583065100511622,61.987644876051355
"221",Marsh,9.560067515549171,New Topsail Inlet,20.385355668292387,51.277308261252841
"222",Marsh,3.056887493402133,New River Inlet,15.443788970408287,40.787147048643178
"223",Marsh,0.424604355546447,New River Inlet,4.387937098102544,30.741350038985228
"224",Sediment Bank,7.556379110415792,New River Inlet,6.907657477712760,21.707934617336953
"225",Marsh,11.649109720340196,Bear Inlet,11.332302815482487,15.670089710955438
"226",Modified,15.755359219863772,Bogue Inlet,15.693717741491382,16.523765734704291
"227",Modified,18.171926495793475,Bogue Inlet,23.471234032758517,18.211477264277612
"228",Modified,20.161371598207204,Beaufort Inlet,21.213044576724894,20.088200816715791
"229",Sediment Bank,15.179069951870513,Barden's Inlet,16.526054047597832,17.614604083228748
"230",Sediment Bank,10.994515155263132,Barden's Inlet,13.435792181492578,12.603620996964818
"231",Sediment Bank,15.143314952151613,Barden's Inlet,18.311665048246091,16.298947006879541
"232",Sediment Bank,24.191132045918131,Barden's Inlet,27.156950032804428,25.050515502583131
"233",Marsh,34.024928138999996,Drum Inlet,38.176671363480345,39.577629255475529
"234",Marsh,43.217299941306102,Drum Inlet,43.761546042636809,44.633575487850798
"235",Marsh,52.623967032332203,Drum Inlet,51.180965092000051,52.078709548297383
"236",Marsh,59.451996437104910,Ocracoke Inlet,63.052462870946741,60.393336616720184
"237",Marsh,68.538877543410692,Ocracoke Inlet,67.334565280624233,68.747046438430829
"238",Sediment Bank,76.691863894467843,Hatteras Inlet,76.115799933570102,75.825902411285782
"239",Sediment Bank,79.673896587528461,Hatteras Inlet,79.345171654114438,80.104895775437498
"240",Marsh,83.727211627474858,Hatteras Inlet,83.925260164317933,83.635868121746554
"241",Swamp Forest,57.570646944646271,Lockwoods Folly Inlet,95.609130799835725,160.137152012925554
"242",Swamp Forest,46.839034135034531,Lockwoods Folly Inlet,89.612543949987753,149.028934256248675
"243",Swamp Forest,36.344877393139271,Lockwoods Folly Inlet,84.669684508015735,137.921549621015629
"244",Swamp Forest,26.373199059609149,Lockwoods Folly Inlet,80.973757718586029,126.815235195235886
"245",Swamp Forest,17.823651897472431,Mason Inlet,68.034255662916848,115.710317523057327
"246",Swamp Forest,13.688004667351041,Mason Inlet,59.599143669186368,104.607260053506963
"247",Swamp Forest,17.125306512783204,Mason Inlet,52.189429148644315,93.506744351113795
"248",Marsh,8.829117523570472,Rich Inlet,43.852614645307675,82.409816838431098
"249",Marsh,1.546070081053491,New Topsail Inlet,36.101624638758011,71.318172267027066
"250",Marsh,6.752959363146482,New Topsail Inlet,31.703673386014632,60.234749583181298
"251",Marsh,17.387103519126917,New Topsail Inlet,30.901688287645740,49.165130990280787
"252",Marsh,8.149481478883462,New River Inlet,18.189005878953445,38.121138801609803
"253",Modified,4.461742495846804,New River Inlet,10.575164920708296,27.112050682221206
"254",Marsh,5.405516546520690,Brown's Inlet,3.994844089370238,16.263615664202437
"255",Marsh,2.535709554785134,Bear Inlet,3.325400625518882,6.336114356137002
"256",Marsh,5.998322349417606,Bogue Inlet,8.601376770953388,6.278979390139842
"257",Modified,7.701327263239834,Bogue Inlet,19.448418135319294,7.657491990777754
"258",Modified,9.777853159233452,Beaufort Inlet,13.011058546627424,9.508030345425597
"259",Sediment Bank,7.853931739012184,Beaufort Inlet,7.957478498224042,8.412835754223089
"260",Sediment Bank,0.776926625311414,Barden's Inlet,3.087637143366226,2.099882330918077
"261",Marsh,9.327207685693043,Barden's Inlet,12.812214166899462,10.189123374331979
"262",Marsh,18.655009295018836,Drum Inlet,24.792247340476582,20.976176478077399
"263",Marsh,27.865934391660879,Drum Inlet,28.726715294271902,29.786640091351526
"264",Marsh,36.430934744264952,Drum Inlet,35.809412569167662,36.692511200828413
"265",Marsh,44.326839457369481,Ocracoke Inlet,50.043836383002592,44.537653437280362
"266",Sediment Bank,53.543058117811682,Ocracoke Inlet,53.068078897305597,52.505730366179549
"267",Marsh,60.887576649169645,Ocracoke Inlet,58.085368831924121,59.220645631165183
"268",Sediment Bank,66.333543610098417,Hatteras Inlet,65.818153431612572,66.422094058171197
"269",Marsh,70.095279293734592,Hatteras Inlet,69.523327803073570,69.868236367443174
"270",Marsh,75.440150104373402,Hatteras Inlet,74.702248825291505,74.730288714188234
"271",Swamp Forest,60.940502391594002,Lockwoods Folly Inlet,104.425721965331107,160.035210886013004
"272",Swamp Forest,50.936680765485512,Lockwoods Folly Inlet,98.971212971421110,148.933895237455658
"273",Swamp Forest,41.504234297482419,Lockwoods Folly Inlet,94.524237431456925,137.833409081152240
"274",Swamp Forest,33.134787489091920,Lockwoods Folly Inlet,91.232253215401755,126.733988592147412
"275",Swamp Forest,26.841840120408587,Mason Inlet,74.961650038532298,115.635959050176780
"276",Swamp Forest,24.296352127429635,Mason Inlet,67.408300036082593,104.539782103289980
"277",Marsh,16.652884473061718,Rich Inlet,59.026822674577545,93.446136662738610
"278",Marsh,5.922125341873130,New Topsail Inlet,51.117449837666939,82.356065077510038
"279",Marsh,6.614088842962900,New Topsail Inlet,45.468883948425379,71.271255514437229
"280",Marsh,14.229329528636269,New Topsail Inlet,42.066097094697938,60.194635549042722
"281",Swamp Forest,16.420839859959301,New River Inlet,33.379736235179408,49.131497714260853
"282",Swamp Forest,6.619156311727698,New River Inlet,25.461761868021686,38.094178015194537
"283",Sediment Bank,3.783561173217841,New River Inlet,20.725508655102828,27.113938749731346
"284",Swamp Forest,3.982798523256152,Brown's Inlet,13.470496293860828,16.306530388432183
"285",Marsh,0.822173361003559,Bogue Inlet,8.349416360248641,6.382310651658612
"286",Marsh,0.933961904503045,Bogue Inlet,11.260675568991465,1.695121951086300
"287",Marsh,1.504875354575861,Bogue Inlet,20.753572393824005,0.651594909940835
"288",Marsh shoreline waterward of a vertical structure,0.865667425112284,Beaufort Inlet,10.663417725364186,0.490700435445607
"289",Marsh,0.144319373736029,Beaufort Inlet,2.804284068662873,1.240320434638657
"290",Marsh,0.358426615983467,Barden's Inlet,7.979652882274984,0.008773837462340
"291",Marsh,3.315318663800202,Drum Inlet,15.610761068582512,7.959189318210056
"292",Marsh,12.569862872994518,Drum Inlet,14.414726227108998,16.220502490927537
"293",Marsh,20.898238321511691,Drum Inlet,20.447758174663146,20.978500995780429
"294",Marsh,28.745353613459496,Drum Inlet,29.574904926608735,28.635582111338451
"295",Marsh,36.463191912763669,Ocracoke Inlet,39.629091801930215,36.665210148431385
"296",Marsh,44.646357866234645,Ocracoke Inlet,43.381344598480254,44.861235502067075
"297",Marsh,51.275725161430287,Hatteras Inlet,53.290266535708277,51.616818457081614
"298",Sediment Bank,56.069094636190549,Hatteras Inlet,55.637677920691850,56.092825820320776
"299",Marsh,60.087334828093127,Hatteras Inlet,59.970297519144161,59.953403981962325
"300",Marsh,65.176842882664559,Hatteras Inlet,65.897707942594792,64.485360628800834
"301",Swamp Forest,65.865384663892087,Lockwoods Folly Inlet,113.549623884670467,160.615067544480837
"302",Swamp Forest,56.748008726257218,Lockwoods Folly Inlet,108.560380492523237,149.569980031440792
"303",Swamp Forest,48.470559798211667,Lockwoods Folly Inlet,104.526892821766623,138.533680502974875
"304",Swamp Forest,41.538249546109014,Mason Inlet,90.315185829005813,127.508468995528190
"305",Swamp Forest,36.720980676097241,Mason Inlet,82.673976124187362,116.497511929917735
"306",Swamp Forest,34.905708014537559,Rich Inlet,74.272408768977058,105.505290861627117
"307",Marsh,19.976590744132089,New Topsail Inlet,66.287122163773518,94.538360226614486
"308",Marsh,11.860454574588790,New Topsail Inlet,60.013404488895262,83.606691945948228
"309",Sediment Bank,10.837098817514164,New Topsail Inlet,55.287078026515395,72.726208354479795
"310",Sediment Bank,18.566792041755537,New Topsail Inlet,52.527518361964752,61.923915871957433
"311",Sediment Bank,10.917089113454312,New River Inlet,40.697358039704604,51.249302219416194
"312",Sediment Bank,3.492738366086089,New River Inlet,34.509497050661146,40.802720504014680
"313",Miscellaneous,5.645379958402344,Brown's Inlet,27.652271517899941,30.799839658002067
"314",Swamp Forest,5.671587395663630,Bear Inlet,22.392764816502314,21.733374405112858
"315",Marsh,2.005326266414437,Bogue Inlet,18.647693084872511,15.608506259279311
"316",Marsh,7.434489969251748,Bogue Inlet,20.118667654808029,11.974941537550617
"317",Swamp Forest,3.759727533870851,Beaufort Inlet,25.206866758748298,8.768916694171558
"318",Marsh,4.082827357442423,Beaufort Inlet,16.830519100107608,5.110363716131374
"319",Marsh,1.595562148102921,Beaufort Inlet,13.324556819284069,3.766724520047661
"320",Marsh,2.141966902787031,Barden's Inlet,18.519049610190898,5.755381202360304
"321",Sediment Bank,2.106512300878218,Drum Inlet,7.868605815435966,7.484236353977810
"322",Sediment Bank,5.555520477314392,Drum Inlet,5.103414791587866,5.867615464292790
"323",Marsh,13.008936143890834,Drum Inlet,15.366482073626811,13.319964222128110
"324",Marsh,21.126190268825354,Ocracoke Inlet,28.210608118413564,20.793117718767220
"325",Sediment Bank,29.741744827840648,Ocracoke Inlet,29.354174947626866,28.736582125375069
"326",Marsh,35.084440190297620,Ocracoke Inlet,34.245931933714317,35.274196263265047
"327",Marsh,42.089125794856017,Hatteras Inlet,42.764334318612235,41.973113743770725
"328",Sediment Bank,45.961567351484661,Hatteras Inlet,45.652943378884942,45.891540728283765
"329",Marsh,50.017034455640186,Hatteras Inlet,50.837951195983422,49.926896200289839
"330",Marsh,55.044893512153386,Hatteras Inlet,57.703601976134543,54.380350504770433
"331",Swamp Forest,72.027093694474658,Lockwoods Folly Inlet,122.912463117326624,161.889382280563552
"332",Swamp Forest,63.806574118021544,Lockwoods Folly Inlet,118.324064958999188,150.950680118128844
"333",Swamp Forest,56.580401743031331,Lockwoods Folly Inlet,114.638936343655473,140.036358205114510
"334",Swamp Forest,50.774918709967501,Mason Inlet,97.960237224661682,129.152615523779986
"335",Swamp Forest,46.920478795883135,Mason Inlet,90.971878354720062,118.307909832445930
"336",Marsh,35.167574924406289,Rich Inlet,82.653639640944689,107.514072689926905
"337",Marsh,26.974547469941953,New Topsail Inlet,74.878863496186909,96.788142560880303
"338",Marsh,21.646827700681371,New Topsail Inlet,69.392959780934746,86.155503965859793
"339",Marsh,21.144083693555313,New Topsail Inlet,65.353368065769786,75.655519494616954
"340",Sediment Bank,21.524674783163967,New River Inlet,55.990262593274927,65.346942839517510
"341",Sediment Bank,11.204197402091983,New River Inlet,49.229011425985945,55.340683995960134
"342",Sediment Bank,5.777480793124104,New River Inlet,44.256782329079179,45.843323429277390
"343",Sediment Bank,12.226970777622697,Brown's Inlet,37.151224183238035,37.077211519068641
"344",Swamp Forest,9.081093951558865,Bear Inlet,32.548965965309698,30.001923053324504
"345",Swamp Forest,8.209488728441515,Bogue Inlet,29.170357284481611,25.206170156298924
"346",Miscellaneous,8.082391096789033,Bogue Inlet,30.130851935035889,21.925561266714677
"347",Marsh,1.492441653048171,Beaufort Inlet,32.088705651202439,19.378772663578474
"348",Marsh,0.457589698111645,Beaufort Inlet,26.037894755178645,15.247562061742888
"349",Marsh,0.332619242241092,Beaufort Inlet,23.924287072628129,12.542803490968232
"350",Marsh,0.622362780399297,Drum Inlet,19.666583764204074,13.352143970082262
"351",Marsh,1.550772492489742,Drum Inlet,10.260424852069816,5.190182666351716
"352",Sediment Bank,1.441861150050095,Drum Inlet,8.333527713610836,0.229846514908374
"353",Marsh,5.528368651890648,Drum Inlet,16.711931886990264,5.721699334490298
"354",Sediment Bank,13.261464841798038,Ocracoke Inlet,17.670633148102638,13.485064263966041
"355",Marsh,20.898882612884595,Ocracoke Inlet,19.442329689664799,21.133672137843245
"356",Marsh,27.331970651005040,Ocracoke Inlet,26.244237400647471,27.470312782952913
"357",Marsh,32.287046926094199,Hatteras Inlet,32.293239331911735,32.177943136211361
"358",Marsh,36.506178598466981,Hatteras Inlet,36.027212405716050,36.239623647125320
"359",Marsh,41.043994166321134,Hatteras Inlet,42.399125096235515,41.274792018668997
"360",Marsh,45.132972567727514,Hatteras Inlet,50.418547129093746,44.510774118427165
"361",Swamp Forest,79.137320387308534,Lockwoods Folly Inlet,132.463623721952615,163.842167116176910
"362",Swamp Forest,71.745266918834801,Lockwoods Folly Inlet,128.222447684893268,153.056050501062003
"363",Swamp Forest,65.409878508201245,Mason Inlet,113.254979307305646,142.316219797819258
"364",Swamp Forest,60.464232278592306,Mason Inlet,106.116683513880957,131.634022298735999
"365",Marsh,50.440330645470432,Rich Inlet,97.764557042794081,121.024737538514955
"366",Marsh,42.247868153392552,New Topsail Inlet,89.901479833523211,110.509384858224195
"367",Marsh,35.782653723810682,New Topsail Inlet,83.933748390685111,100.117583464635175
"368",Marsh,31.859173069309222,New Topsail Inlet,79.084301796374078,89.886549521832563
"369",Marsh,31.574346050388986,New Topsail Inlet,75.568745102350064,79.883341035890652
"370",Sediment Bank,26.351913132935092,New River Inlet,64.237608661814178,70.211979753804741
"371",Sediment Bank,18.895435661511872,New River Inlet,58.445524142308095,61.024372980516866
"372",Sediment Bank,16.278501559018785,Brown's Inlet,51.567031013211377,52.412093423229017
"373",Sediment Bank,20.461062246362847,Bear Inlet,46.240876781116739,45.023376355482611
"374",Swamp Forest,10.623328353831395,Bogue Inlet,42.051335220992051,39.408752939184687
"375",Marsh,6.625657204268346,Bogue Inlet,39.739693833092794,35.439121573359039
"376",Swamp Forest,2.693951281592796,Bogue Inlet,40.449175725655110,31.905456460526086
"377",Sediment Bank,2.300453677521156,Beaufort Inlet,40.609624660155930,29.988944411185322
"378",Marsh,0.779663869515887,Beaufort Inlet,36.025489559109339,25.768366201537720
"379",Sediment Bank,2.323062646535183,Beaufort Inlet,34.530533615004558,22.926189785324937
"380",Sediment Bank,0.262618926578947,Drum Inlet,25.592232248180885,15.800377250867692
"381",Sediment Bank,3.313952228538282,Drum Inlet,19.333664583964453,5.687345444214852
"382",Marsh,0.342530016543025,Drum Inlet,18.384871502595274,0.087118880268484
"383",Marsh,1.962344848342416,Ocracoke Inlet,15.259445153916985,0.001708842793597
"384",Marsh,5.758402014895110,Ocracoke Inlet,7.335449787868750,5.939415656380190
"385",Marsh,11.178482808175199,Ocracoke Inlet,10.930935019521074,11.368366160005976
"386",Marsh,17.928843477140589,Hatteras Inlet,21.715963690023774,17.897173266389615
"387",Sediment Bank,22.494856365436362,Hatteras Inlet,21.955823477737194,22.679153086240216
"388",Marsh,26.251204614986129,Hatteras Inlet,27.145316626244622,26.300518882561757
"389",Marsh,30.638383946616017,Hatteras Inlet,35.156973596771394,30.871578365200673
"390",Marsh,35.625358998477189,Hatteras Inlet,44.491473108775097,35.076086342065338
"391",Swamp Forest,86.963781711930807,Lockwoods Folly Inlet,142.165192110334459,166.449576386501349
"392",Swamp Forest,80.303551882366435,Lockwoods Folly Inlet,138.226633258372004,155.856760822234634
"393",Swamp Forest,74.704329721936361,Mason Inlet,121.303745367823680,145.336732092696877
"394",Swamp Forest,70.419669818967009,Rich Inlet,112.930607057753477,134.906536248990989
"395",Marsh,57.546423748318468,New Topsail Inlet,105.009768335341278,124.588754129445945
"396",Marsh,50.618534259958786,New Topsail Inlet,98.713137942614637,114.405097214243241
"397",Marsh,45.368910108612184,New Topsail Inlet,93.317109953009876,104.410057390494558
"398",Marsh,42.308640205777493,New Topsail Inlet,88.985679593711410,94.659079606645989
"399",Marsh,42.094826818504352,New River Inlet,79.366112342434121,85.233858024511989
"400",Sediment Bank,33.921929497644086,New River Inlet,73.097220743062906,76.148954436457444
"401",Sediment Bank,28.525494619273562,New River Inlet,68.069352909614125,67.737830757701587
"402",Sediment Bank,26.865647562033292,Brown's Inlet,61.029086858916578,60.197547218508255
"403",Swamp Forest,22.607481228500792,Bear Inlet,56.091064283650887,53.894875453603809
"404",Swamp Forest,9.013855351151051,Bogue Inlet,52.168953567674635,49.306728705247806
"405",Marsh,1.896519051534674,Bogue Inlet,50.326411485694891,45.844091958532147
"406",Sediment Bank,1.001568728900120,Bogue Inlet,50.887859003597796,42.292867726895487
"407",Miscellaneous,0.493843719681395,Beaufort Inlet,49.937626632986650,38.731043512572413
"408",Marsh,4.466630130995564,Beaufort Inlet,46.291131388438920,36.341374063311001
"409",Marsh,0.998028793942050,Beaufort Inlet,45.138821449140728,27.247811553260654
"410",Sediment Bank,4.062151705158586,Drum Inlet,33.886770697443964,16.765717817754595
"411",Marsh,8.042546147913406,Drum Inlet,29.452816891327046,8.013267489853879
"412",Sediment Bank,8.422161874169468,Drum Inlet,28.839607341864177,8.225801585897960
"413",Marsh,8.646755578722436,Ocracoke Inlet,14.119311665646093,3.505210191816917
"414",Marsh,2.347978404419638,Ocracoke Inlet,4.530088774076328,0.002170653508797
"415",Marsh,3.399621062016380,Ocracoke Inlet,9.280178201559702,3.559166677224748
"416",Marsh,8.306370487720018,Hatteras Inlet,11.659789000090257,8.347755276488178
"417",Sediment Bank,12.264344648279476,Hatteras Inlet,12.100147460121425,12.231396783309359
"418",Marsh,16.332353822698863,Hatteras Inlet,20.023147277719975,16.249309175500393
"419",Marsh,21.344752657521862,Hatteras Inlet,29.991480076103763,20.679645337933927
"420",Marsh,26.953551070688448,Hatteras Inlet,40.522835290553999,26.544333168503034
"421",Swamp Forest,95.330291487182350,Lockwoods Folly Inlet,151.988404245379769,169.681466404060586
"422",Swamp Forest,89.303532707780036,Mason Inlet,136.515818358969852,159.316177488625357
"423",Swamp Forest,84.310180726510310,Rich Inlet,128.128869109820300,149.047934375809774
"424",Marsh,72.848477792246825,Rich Inlet,121.412756425471258,138.905279986420311
"425",Marsh,65.675329771610521,New Topsail Inlet,113.634312746597459,128.916521438606850
"426",Marsh,59.705669724970278,New Topsail Inlet,107.849334017535455,119.121854422227955
"427",Marsh,55.330425502795819,New Topsail Inlet,102.939213000560073,109.571249819262192
"428",Marsh,52.822475112455450,New Topsail Inlet,99.034169432225767,100.334443054233859
"429",Marsh,52.651574607505729,New River Inlet,87.976045459442204,91.390143781181365
"430",Swamp Forest,34.524788007261492,New River Inlet,82.371840694402422,83.054352206805433
"431",Swamp Forest,25.257711469038355,Brown's Inlet,75.484142719895573,75.426687730688883
"432",Swamp Forest,18.090740286210135,Brown's Inlet,70.817528808785852,68.743287373985240
"433",Swamp Forest,14.770739888041019,Bear Inlet,66.176869889512417,63.303948102888043
"434",Swamp Forest,7.503706397518128,Bogue Inlet,62.450507421571643,58.902144620095761
"435",Swamp Forest,1.318960088082925,Bogue Inlet,60.921537350315774,55.707385278439418
"436",Swamp Forest,5.189020123128110,Bogue Inlet,61.385617675184221,52.375640460344897
"437",Marsh,8.628128600639760,Beaufort Inlet,59.695649188908099,48.803569281926883
"438",Marsh,4.604199126666300,Beaufort Inlet,56.684049702587792,46.931430269671615
"439",Marsh,0.022716801182343,Drum Inlet,48.909797206540610,31.592336694569671
"440",Marsh,0.193919257854974,Drum Inlet,43.206918731914506,23.177220461981932
"441",Marsh,8.142091432761308,Drum Inlet,39.828639277778478,17.713253970491689
"442",Marsh,14.133111830872423,Ocracoke Inlet,28.527122245126733,18.138569073542673
"443",Marsh,16.600327857714667,Ocracoke Inlet,19.774350173578181,10.910004049429165
"444",Marsh,10.034059085698209,Ocracoke Inlet,14.573969483834405,5.926333525085052
"445",Marsh,6.055083637695722,Ocracoke Inlet,16.671051359780247,4.317452778737502
"446",Marsh,0.625209328198825,Hatteras Inlet,5.047719103422160,0.387147561014444
"447",Marsh,2.634863177578177,Hatteras Inlet,5.994173928844030,2.664436525108548
"448",Marsh,7.823926993360664,Hatteras Inlet,17.033652950376222,8.105755978030896
"449",Marsh,11.764378098471168,Hatteras Inlet,28.073559188518736,11.287127922594861
"450",Marsh,20.223229366831461,Hatteras Inlet,39.113521433303347,20.170410378202785
"451",Swamp Forest,104.106779923042055,Mason Inlet,151.742542116677242,173.497689636188653
"452",Swamp Forest,98.624416675404774,Mason Inlet,144.819729617275385,163.383251141824644
"453",Swamp Forest,94.132204920331802,Rich Inlet,136.484385529872640,153.403286546078419
"454",Marsh,80.824406395326378,New Topsail Inlet,128.644615081640893,143.580214117940102
"455",Marsh,74.431805233864822,New Topsail Inlet,122.571035083192086,133.953931343442946
"456",Marsh,69.227783622909286,New Topsail Inlet,117.234263471080709,124.567409086059328
"457",Marsh,65.496281993649220,New Topsail Inlet,112.738992931963523,115.479143173313517
"458",Marsh,63.368731510879293,New River Inlet,102.979451737675859,106.641670429823918
"459",Swamp Forest,41.972911195524141,New River Inlet,96.983407958334382,98.361612457170565
"460",Swamp Forest,31.069621445311530,New River Inlet,91.936012823540636,90.678398275772409
"461",Swamp Forest,20.296867895617424,Brown's Inlet,84.928351651622407,83.756452496547155
"462",Swamp Forest,10.082187783293859,Bear Inlet,79.859300416759453,77.799247067309807
"463",Swamp Forest,5.396966746930618,Bear Inlet,76.405112652712148,73.043219109942939
"464",Swamp Forest,0.072758019154993,Bogue Inlet,72.826670813001755,69.030686450723053
"465",Marsh,0.054579639579663,Bogue Inlet,71.521409602322038,66.102357181391525
"466",Swamp Forest,10.344256856954853,Bogue Inlet,71.916660881330671,62.788547860174781
"467",Marsh,7.533350875278730,Beaufort Inlet,69.703402020321533,59.064212194454399
"468",Marsh,0.096662735154671,Beaufort Inlet,67.145249552884295,46.723681200285696
"469",Marsh,0.293494919100738,Drum Inlet,57.751735926113660,38.454749916519219
"470",Marsh,0.319965866465354,Drum Inlet,53.014590838734989,31.822169104670500
"471",Marsh,5.981746756229550,Ocracoke Inlet,43.546355385411893,28.088299245534635
"472",Marsh,3.905604391450838,Ocracoke Inlet,35.073462245692284,28.408665754910690
"473",Marsh,6.230754267263070,Ocracoke Inlet,28.423075857399304,20.469197949059911
"474",Marsh,9.747963621831868,Ocracoke Inlet,25.088964833426328,15.849590465382802
"475",Marsh,16.014677337768703,Hatteras Inlet,19.318913954543429,12.210629549533275
"476",Sediment Bank,10.844078328950692,Hatteras Inlet,11.839768797515260,7.678661120009432
"477",Marsh,6.328360916379244,Hatteras Inlet,12.272673812718695,0.041673236744602
"478",Marsh,2.298296829921087,Hatteras Inlet,20.113070696313233,0.016559625913242
"479",Sediment Bank,6.444017880196102,Hatteras Inlet,30.032166385771589,6.444688523241898
"480",Marsh,17.424281636759904,Hatteras Inlet,40.531518555137218,17.364274041946004
"481",Swamp Forest,113.197974855025706,Mason Inlet,159.952469684181324,177.865215759040694
"482",Swamp Forest,108.183339777297618,Rich Inlet,151.598304616418318,168.025714408400034
"483",Marsh,96.017642416553898,New Topsail Inlet,143.713127125849411,158.349996388702777
"484",Marsh,89.350232844956480,New Topsail Inlet,137.418206901871287,148.867433289386241
"485",Marsh,83.618991111654566,New Topsail Inlet,131.756468552628036,139.617402254044265
"486",Marsh,79.027867324302036,New Topsail Inlet,126.812757201599126,130.649317814486864
"487",Marsh,75.784362698454416,New Topsail Inlet,122.673919837814211,121.896123892841203
"488",Swamp Forest,52.891849529723643,New River Inlet,111.779089177513555,113.659574629326627
"489",Swamp Forest,41.944290232584841,New River Inlet,106.287257229154122,105.938885931199522
"490",Swamp Forest,31.046050320033942,Brown's Inlet,99.393629645661676,98.855012329116278
"491",Swamp Forest,20.276839275392689,Brown's Inlet,94.620274584139850,92.554301763655559
"492",Swamp Forest,10.059981266716377,Bear Inlet,89.779966938781115,87.206681325736838
"493",Swamp Forest,4.759349968412482,Bogue Inlet,85.823044393904894,82.996592452795952
"494",Swamp Forest,9.192183359492137,Bogue Inlet,83.262144773888139,79.285618872616297
"495",Marsh,9.289643686172328,Bogue Inlet,82.124255678210943,75.757730779894828
"496",Marsh,4.247729040650614,Bogue Inlet,82.468303495185936,73.258414814475046
"497",Miscellaneous,3.679537926907325,Beaufort Inlet,79.867129894079085,69.430692312422408
"498",Modified,0.446627398098782,Drum Inlet,72.607796699901598,53.741180547390961
"499",Marsh,2.438172089040547,Drum Inlet,67.108508312523384,46.740507843639527
"500",Marsh,2.471231430580600,Drum Inlet,63.082889823444710,41.392466310129755
"501",Marsh,1.376395751705528,Ocracoke Inlet,50.369036687186437,38.593615821067075
"502",Marsh,1.313223579198731,Ocracoke Inlet,43.262975746598514,34.744114852525826
"503",Marsh,3.767244737711337,Ocracoke Inlet,38.077613039062655,30.608472521954766
"504",Marsh,1.822381206577365,Ocracoke Inlet,35.660890589336766,26.311677599388481
"505",Marsh,9.592331687276751,Hatteras Inlet,26.698869145975124,21.669481218416916
"506",Marsh,20.840440150839989,Hatteras Inlet,21.910347976665687,14.010746818911944
"507",Marsh,15.208546539439640,Hatteras Inlet,22.146996876902403,9.698587929147685
"508",Sediment Bank,5.609227432261542,Hatteras Inlet,27.278342411584546,1.382939942263576
"509",Sediment Bank,4.574532951906664,Hatteras Inlet,35.226672449485484,4.584385945627134
"510",Marsh,15.665302183983407,Oregon inlet,47.876432048491971,15.638211368026852
"511",Swamp Forest,122.533892768251505,Rich Inlet,166.740420777941125,182.744517619599179
"512",Swamp Forest,117.922474628662059,New Topsail Inlet,158.820562535726935,173.196215512429262
"513",Marsh,104.374429468327932,New Topsail Inlet,152.351343102864206,163.837474446948704
"514",Marsh,98.283008569873175,New Topsail Inlet,146.435326382808341,154.702715809483493
"515",Marsh,93.109536618000163,New Topsail Inlet,141.142101721333091,145.728122304449471
"516",Marsh,89.014218521430394,New Topsail Inlet,136.544125370589285,137.149378359221828
"517",Swamp Forest,65.563505607208242,New Topsail Inlet,132.713686442977433,128.948205235140563
"518",Swamp Forest,54.946382052532648,New River Inlet,120.870068024706669,121.201286311422010
"519",Swamp Forest,44.520853403259011,New River Inlet,115.816208750390174,114.001277885367372
"520",Swamp Forest,34.461272273618356,Brown's Inlet,108.827346692768188,107.458181654466841
"521",Swamp Forest,25.209617037847583,Brown's Inlet,104.491056498253116,101.698880428514386
"522",Swamp Forest,17.799265178577691,Bear Inlet,99.842826617513708,96.863293191221487
"523",Swamp Forest,15.359178701659255,Bogue Inlet,96.016461097722612,92.588343031920814
"524",Swamp Forest,14.884939742693552,Bogue Inlet,93.737180076759174,89.623626588389811
"525",Swamp Forest,6.526322666238026,Bogue Inlet,92.729113391326365,86.083701165724847
"526",Sediment Bank,0.903402022181762,Bogue Inlet,93.033594492226797,83.763949558157449
"527",Marsh,0.973540345253694,Beaufort Inlet,90.134143489229146,69.024414852343568
"528",Marsh,0.822013132650076,Drum Inlet,81.636281601802125,61.793131995240095
"529",Marsh,1.239206332032394,Drum Inlet,76.792223889863138,55.723278413752467
"530",Marsh,0.373880406171951,Ocracoke Inlet,65.657046911738419,51.373346072844640
"531",Marsh,3.172283439587773,Ocracoke Inlet,58.335155657607253,49.133174114669067
"532",Miscellaneous,3.279693385883069,Ocracoke Inlet,52.329908982089798,44.238377981498608
"533",Marsh,2.786558933880534,Ocracoke Inlet,48.136636425188115,39.428352120694171
"534",Miscellaneous,1.492417962924762,Hatteras Inlet,41.869185361936857,36.857849543510454
"535",Marsh,4.237133391732552,Hatteras Inlet,35.743973429660095,29.122491638740676
"536",Marsh,10.718678664336185,Hatteras Inlet,32.328622815300150,23.604517049935954
"537",Sediment Bank,14.824470712619148,Hatteras Inlet,32.489285629136120,13.161190811073450
"538",Marsh,7.720751998235620,Oregon inlet,33.687932186929650,2.219323980027446
"539",Marsh,4.079134127870759,Oregon inlet,34.362818675387679,3.468068143708517
"540",Marsh,14.570641608432098,Oregon inlet,38.312753351964048,14.386111072935268
"541",Swamp Forest,132.062683925676254,Rich Inlet,175.169076891875704,188.098450405341765
"542",Marsh,119.460896776787735,New Topsail Inlet,167.344847622486526,178.847419675173853
"543",Marsh,113.109990928059517,New Topsail Inlet,161.225378367836356,169.811374033717357
"544",Marsh,107.521404447594421,New Topsail Inlet,155.653690713826762,160.914404810005550
"545",Marsh,102.819525322185072,New Topsail Inlet,150.690567154410786,152.398949467138436
"546",Swamp Forest,79.145079584147226,New Topsail Inlet,146.397922299467552,144.227472348571496
"547",Swamp Forest,68.875315945066831,New River Inlet,135.606588965033865,136.461793961791500
"548",Swamp Forest,58.871517183884890,New River Inlet,130.191412704870487,129.175134303269317
"549",Swamp Forest,49.295889421524045,Brown's Inlet,123.293207802674431,122.453048068055054
"550",Swamp Forest,40.409615856108928,Brown's Inlet,118.460589445559066,116.393404857123699
"551",Swamp Forest,32.764076524872337,Bear Inlet,113.508330017444521,111.104656095051126
"552",Swamp Forest,27.499187979468708,Bear Inlet,110.008914688017697,106.701501859988142
"553",Swamp Forest,25.968361561678886,Bogue Inlet,106.291815303464602,102.680924851579363
"554",Swamp Forest,10.951846787117454,Bogue Inlet,104.239902472046253,99.543749221847378
"555",Swamp Forest,2.363749194107849,Bogue Inlet,103.335415453465657,96.471728636080272
"556",Marsh,3.682667923703017,Bogue Inlet,103.608410552117689,84.301109039371966
"557",Marsh,8.900690947281008,Beaufort Inlet,100.472837934877845,76.933325656279820
"558",Marsh,3.388145630096474,Drum Inlet,91.007071073909145,70.525705252180231
"559",Marsh,0.354873862497587,Drum Inlet,86.693454402906610,65.235169412655821
"560",Swamp Forest,1.070805582170721,Ocracoke Inlet,73.491036240707331,61.558392935345346
"561",Marsh,1.317768779923009,Ocracoke Inlet,67.038402364510674,59.703126946160914
"562",Marsh,0.963736702563636,Ocracoke Inlet,61.889913577743059,54.150578122568923
"563",Marsh,4.382815181888885,Ocracoke Inlet,58.391569886947771,49.457785974896062
"564",Sediment Bank,5.162743192383556,Hatteras Inlet,50.422932616745818,45.470990236949426
"565",Marsh,1.570890018866895,Hatteras Inlet,45.471279256488366,34.442985604340095
"566",Sediment Bank,1.457887560172826,Oregon inlet,34.161034032040725,24.435119100474733
"567",Marsh,8.034377411279594,Oregon inlet,27.039728844436382,13.969151505141085
"568",Marsh,8.365957044737719,Oregon inlet,23.155304233818732,3.491170536572224
"569",Marsh,2.152185695717041,Oregon inlet,24.125506782146715,2.128324389613784
"570",Sediment Bank,12.995018412656391,Oregon inlet,29.474781698152956,13.115431288515765
"571",Marsh,134.585489420249075,New Topsail Inlet,182.381452445882644,193.885744238965060
"572",Marsh,128.039974639045539,New Topsail Inlet,176.096149838407683,184.935293661835999
"573",Marsh,122.143129104557758,New Topsail Inlet,170.298403831638666,176.104944048680949
"574",Marsh,116.993088691610978,New Topsail Inlet,165.039614135053171,167.643247310028471
"575",Swamp Forest,93.235173174687063,New Topsail Inlet,160.372816413516830,159.497344830117953
"576",Swamp Forest,83.262096175678934,New Topsail Inlet,156.351036505428794,151.718124146267996
"577",Swamp Forest,73.581565997174579,New River Inlet,144.751210038130495,144.364886743964291
"578",Swamp Forest,64.325814366198358,New River Inlet,139.697055618322764,137.506000713054931
"579",Swamp Forest,55.652219720424675,Brown's Inlet,132.719965312681325,131.219019919115624
"580",Swamp Forest,47.921777717941382,Brown's Inlet,128.248446306267738,125.589871817819812
"581",Swamp Forest,41.685832356531350,Bear Inlet,123.457780605387853,120.710631359616258
"582",Swamp Forest,37.693579322757699,Bear Inlet,120.252098065808127,116.675425148003100
"583",Marsh,22.592466391185312,Bogue Inlet,116.627498123262399,112.868841106525380
"584",Marsh,12.664913001632950,Bogue Inlet,114.762757641335142,109.888914767898825
"585",Swamp Forest,6.516912933176786,Bogue Inlet,113.942805800534643,106.559978916428591
"586",Marsh,11.918145286653054,Bogue Inlet,114.190152611973971,92.113262553535705
"587",Swamp Forest,17.124159135577727,Drum Inlet,105.519274807623290,85.430203036138380
"588",Miscellaneous,8.758717930540060,Drum Inlet,100.624631383754178,79.617448696658272
"589",Marsh,1.214766015169612,Ocracoke Inlet,88.682880338713900,75.042588695398507
"590",Marsh,6.765213976195150,Ocracoke Inlet,81.952623713433013,71.870126908699874
"591",Miscellaneous,9.289555846353563,Ocracoke Inlet,76.226777640447239,70.285691493527281
"592",Marsh,8.588779080202096,Ocracoke Inlet,71.746232730107721,64.200243094170233
"593",Marsh,0.711776288533858,Ocracoke Inlet,68.754886169214217,59.688912461933278
"594",Marsh,0.922379819513216,Oregon inlet,48.836629043066353,40.399440463025343
"595",Marsh,3.978534966016809,Oregon inlet,38.322077300371454,29.787543963878598
"596",Sediment Bank,3.132204514264635,Oregon inlet,28.155083204010161,19.565970403127007
"597",Marsh,4.806833439728560,Oregon inlet,18.904990674501565,9.868845372422250
"598",Marsh,6.077934895770542,Oregon inlet,12.753515568943527,0.383512704461989
"599",Marsh,3.219458673076371,Oregon inlet,14.438471812138911,3.302718480359947
"600",Marsh,14.302739207046885,Oregon inlet,22.245236101261202,14.148290252457928
"601",Marsh,143.037688865216069,New Topsail Inlet,191.026514575990916,200.068822728715617
"602",Marsh,136.904338020543605,New Topsail Inlet,185.042291847235418,191.296438997972501
"603",Marsh,131.412534150925609,New Topsail Inlet,179.540284338469490,182.881203158137140
"604",Swamp Forest,107.630249345596908,New Topsail Inlet,174.566102144577542,174.757791958838027
"605",Swamp Forest,97.900688444112163,New Topsail Inlet,170.166046336680154,166.968817581540435
"606",Swamp Forest,88.467052831574222,New River Inlet,159.442327919307388,159.563275895543200
"607",Swamp Forest,79.434861055693261,New River Inlet,154.084131316670323,152.597012947808082
"608",Marsh,74.261702280481245,Brown's Inlet,147.182036951126008,146.132875563723417
"609",Marsh,64.903793271389645,Brown's Inlet,142.313754578370151,140.240325047095723
"610",Marsh,56.120810947308897,Bear Inlet,137.290986392867609,134.994241430146985
"611",Marsh,48.227908772763016,Bear Inlet,133.509362995370282,130.472636288769252
"612",Marsh,41.733211471512909,Bogue Inlet,129.637492082090887,126.263401208042850
"613",Marsh,29.114461202940873,Bogue Inlet,127.008824674926274,123.128473336018700
"614",Marsh,23.164893605539532,Bogue Inlet,125.300716440893382,120.280638774058815
"615",Marsh,15.598189579279625,Bogue Inlet,124.551049695741327,116.961094450892219
"616",Marsh,12.365057122989352,Bogue Inlet,124.777101837881247,100.440301040209491
"617",Swamp Forest,6.665820281820424,Drum Inlet,114.897285475428859,94.277755686623934
"618",Swamp Forest,8.355972750038752,Drum Inlet,110.424551716480622,89.101574927804819
"619",Miscellaneous,9.122735523769714,Ocracoke Inlet,96.973272464821505,85.043417729362076
"620",Marsh,11.612583393559783,Ocracoke Inlet,90.866709843415563,82.258284685447251
"621",Miscellaneous,5.132381487875852,Ocracoke Inlet,85.744526767152621,77.860948411605008
"622",Swamp Forest,7.475268534322718,Ocracoke Inlet,81.791880222890995,61.105052627869632
"623",Swamp Forest,3.866793232616362,Oregon inlet,58.220799482776002,50.143289756931289
"624",Swamp Forest,1.542279920485326,Oregon inlet,47.265723961521424,39.181508813683323
"625",Swamp Forest,6.534874221938814,Oregon inlet,36.314030977895442,28.219715261590515
"626",Marsh,6.151394160416184,Oregon inlet,25.370128992910470,17.257917799974081
"627",Marsh,4.830273289689306,Oregon inlet,14.451764314815870,6.296156533484794
"628",Sediment Bank,1.421479976541024,Oregon inlet,3.786773152491598,0.083403233669257
"629",Marsh,6.297641116450424,Oregon inlet,7.752562150359764,6.504570319334332
"630",Marsh,16.285566918270636,Oregon inlet,18.604868416165200,17.269113989852691
"631",Marsh,151.761483514858185,New Topsail Inlet,199.861228625050103,206.486552391378382
"632",Marsh,146.002070706810827,New Topsail Inlet,194.156370474897187,198.112068635707573
"633",Marsh,122.267056680381955,New Topsail Inlet,188.926270026249512,190.008783242141959
"634",Marsh,111.594214135216731,New Topsail Inlet,184.211377507941677,182.212894502555031
"635",Marsh,100.976947821618609,New Topsail Inlet,180.052178804145541,174.765556422859731
"636",Marsh,90.434853480490631,New River Inlet,168.624203297441312,167.713219644341450
"637",Marsh,79.997674611012897,New River Inlet,163.573157728381176,161.107776108980204
"638",Marsh,69.712569857889591,Brown's Inlet,156.603791316884013,155.006378550383545
"639",Marsh,59.658263981345087,Brown's Inlet,152.042995717198636,149.470774827338317
"640",Marsh,49.974274855343488,Bear Inlet,147.159031565326131,144.565983020382163
"641",Marsh,40.924358199367617,Bear Inlet,143.641675833975796,140.358157230097703
"642",Marsh,33.033839799146236,Bogue Inlet,139.855648648997715,136.337878852692370
"643",Marsh,27.326241639043879,Bogue Inlet,137.425490673530589,133.443321647321795
"644",Marsh,13.919151428964067,Bogue Inlet,135.850303904039151,129.908055427443742
"645",Marsh,8.501538454287244,Bogue Inlet,135.159986137792714,115.511107058219324
"646",Marsh,2.299226051148157,Bogue Inlet,135.368076412662617,109.164511533645708
"647",Marsh,1.598536467485334,Drum Inlet,124.473690719300663,103.501482123495890
"648",Marsh,0.413507186827727,Ocracoke Inlet,112.053711162141383,98.815396675512147
"649",Miscellaneous,4.400197689104467,Ocracoke Inlet,105.679765349770108,95.174151605265749
"650",Sediment Bank,7.068910064744666,Ocracoke Inlet,100.112549004605910,92.697234599137232
"651",Marsh,7.109275651164454,Oregon inlet,80.566271367977052,71.650143377329087
"652",Swamp Forest,3.031701455928444,Oregon inlet,69.690251206763875,60.724237396298513
"653",Swamp Forest,6.490950565814052,Oregon inlet,58.843176223068966,49.807178093243216
"654",Swamp Forest,2.624990842807770,Oregon inlet,48.044677579723043,38.906437099463645
"655",Swamp Forest,3.227296860299713,Oregon inlet,37.336950194553943,28.040238828799751
"656",Miscellaneous,2.514111818195169,Oregon inlet,26.828924834762834,17.067982767654495
"657",Marsh,3.058216126047710,Oregon inlet,16.897400723575533,6.133469980176828
"658",Marsh,3.212634662465425,Oregon inlet,9.552033595394809,2.725929604545386
"659",Marsh,11.534980839741509,Oregon inlet,11.702524915208325,11.314216989695034
"660",Marsh,21.537855211666685,Oregon inlet,20.558339230031020,21.026449825471310
"661",Marsh,142.160072228197805,New Topsail Inlet,208.861555435544346,213.335301074962814
"662",Marsh,131.297508604225726,New Topsail Inlet,203.415840320415072,205.250288310577076
"663",Marsh,120.446375063608798,New Topsail Inlet,198.435940793495462,197.449669177838246
"664",Marsh,109.610085603902988,New Topsail Inlet,193.957747523235412,189.968493191138862
"665",Marsh,98.793544453158447,New River Inlet,183.278490848800402,182.845986634914226
"666",Marsh,88.004053510888781,New River Inlet,177.965297943895308,176.125679844351367
"667",Marsh,77.252967660723613,Brown's Inlet,171.059711526864419,169.855329120863644
"668",Marsh,66.558920590440920,Brown's Inlet,166.169200864387449,164.086535901926453
"669",Marsh,55.954646888630371,Brown's Inlet,161.883301886491864,158.873954074009333
"670",Marsh,45.502975927935346,Bear Inlet,157.124185578701088,154.273981622049632
"671",Marsh,35.339588017436583,Bear Inlet,153.838803628201219,150.342867427463659
"672",Marsh,25.807378191492095,Bogue Inlet,150.128580968208468,146.488398066920155
"673",Marsh,17.942256941973096,Bogue Inlet,147.870064465931392,143.801542242725475
"674",Marsh,7.382315990074394,Bogue Inlet,146.409043279984445,140.259957741252492
"675",Marsh,2.227653524178023,Bogue Inlet,145.769501038989659,124.076572895752307
"676",Marsh,2.500093273745260,Drum Inlet,138.777453193187029,118.114039007904339
"677",Swamp Forest,0.656911056062393,Drum Inlet,134.206067613762144,112.969318178509326
"678",Swamp Forest,2.852342601072865,Ocracoke Inlet,120.598588255257852,108.697400330716860
"679",Swamp Forest,2.510593403927255,Ocracoke Inlet,114.707697058874288,105.397213995838754
"680",Modified,1.300459400923188,Oregon inlet,93.044519007268249,82.698732551693638
"681",Swamp Forest,2.899486892514984,Oregon inlet,82.373311269450895,71.799483482446334
"682",Marsh,0.420034805644777,Oregon inlet,71.785323843972805,60.914635526182515
"683",Modified,3.774618415632293,Oregon inlet,61.323698151834151,50.053066331943697
"684",Swamp Forest,0.148550685738646,Oregon inlet,51.066175264050237,39.235284220849337
"685",Sediment Bank,0.857466666693742,Oregon inlet,41.165633652381530,28.510566836688888
"686",Marsh,0.258210101829729,Oregon inlet,31.955637558685002,18.045643493597108
"687",Modified,2.170963208046556,Oregon inlet,24.236654558436843,8.798186135925604
"688",Marsh,5.560283806318236,Oregon inlet,19.833507447156929,6.904187259716582
"689",Marsh,14.997521087842676,Oregon inlet,20.952824400201511,15.527831772499621
"690",Marsh,26.545441725644324,Oregon inlet,26.914194249656450,26.429799038585223
"691",Marsh,141.371472031585142,New Topsail Inlet,218.007009094660646,220.482276856377155
"692",Marsh,130.457005400166935,New Topsail Inlet,212.801748849165705,212.678644307222442
"693",Marsh,119.543393391885047,New Topsail Inlet,208.052363187020717,205.169802238320159
"694",Marsh,108.630913073918265,New Topsail Inlet,203.790734653509304,197.989305599487608
"695",Marsh,97.719963347256950,New River Inlet,192.487692145304038,191.174167265209178
"696",Marsh,86.811141457726947,New River Inlet,187.441838386774350,184.764831667694153
"697",Marsh,75.905385399033278,Brown's Inlet,180.477655371274437,178.804952727810843
"698",Marsh,65.004259430749173,Brown's Inlet,175.854856127668654,173.340906237462661
"699",Marsh,54.110583985260938,Bear Inlet,170.905788085384557,168.420966248719594
"700",Marsh,43.230015164494169,Bear Inlet,167.169115421785875,164.094088656687660
"701",Marsh,32.375795327484440,Bear Inlet,164.088696265956173,159.927027028304252
"702",Marsh,21.587735137216743,Bogue Inlet,160.445801704592924,156.700216958800979
"703",Marsh,11.061178515304826,Bogue Inlet,158.337057627395581,153.702482158787603
"704",Marsh,4.141345395174781,Bogue Inlet,156.975122323834341,139.056026611629818
"705",Marsh,7.860255840342882,Bogue Inlet,156.379511316088639,132.937694181073539
"706",Swamp Forest,7.583468403667268,Drum Inlet,148.325738480181485,127.374533881850326
"707",Swamp Forest,5.859907675819246,Ocracoke Inlet,135.585073782214096,122.624778010972875
"708",Swamp Forest,1.866116067033876,Ocracoke Inlet,129.449830909387089,118.705636476716009
"709",Swamp Forest,1.362088989724941,Oregon inlet,106.225012627589237,94.891385918622007
"710",Sediment Bank,3.917364173313708,Oregon inlet,95.784599682348301,84.163077717307374
"711",Modified,1.365561055539964,Oregon inlet,85.469436253286830,73.495048893771340
"712",Modified,4.890708271521520,Oregon inlet,75.331010737743966,62.917989496997841
"713",Modified,6.453603329443142,Oregon inlet,65.451523917172636,52.486945525345263
"714",Marsh,6.845075830576914,Oregon inlet,55.968286452734560,42.310072273176424
"715",Sediment Bank,10.532751044424421,Oregon inlet,47.121165819914062,32.626112054921137
"716",Modified,2.643968132800344,Oregon inlet,39.341694511084434,24.019477012570839
"717",Modified,0.333763493607473,Oregon inlet,33.384788462300101,18.111644676179790
"718",Marsh shoreline waterward of a vertical structure,11.809228607033017,Oregon inlet,30.343540604509332,17.033278372579435
"719",Modified,19.867558104463733,Oregon inlet,31.085821409725622,21.874942915068779
"720",Marsh,29.518539132626174,Oregon inlet,35.374249664834835,30.080584208335321
"721",Marsh,141.377147193167588,New Topsail Inlet,227.280095033408770,227.899447863301901
"722",Marsh,130.476925037902333,New Topsail Inlet,222.298105526991833,220.367822666507010
"723",Marsh,119.578948207758017,New Topsail Inlet,217.761420041636313,213.138866082948994
"724",Marsh,108.683911635162218,New River Inlet,207.110832883339754,206.244417991153682
"725",Marsh,97.792817817995157,New River Inlet,201.834822133343778,199.719134700351560
"726",Marsh,86.907169193520190,New River Inlet,197.034309986301650,193.600358098812364
"727",Marsh,76.029325240469959,Brown's Inlet,190.021636233675423,187.927808590542668
"728",Marsh,65.163215781818948,Brown's Inlet,185.641966249940822,182.743053973371104
"729",Marsh,54.315905834851549,Bear Inlet,180.803941217590932,178.088711450959693
"730",Marsh,43.501484099749369,Bear Inlet,177.280291620139622,174.007355816205262
"731",Marsh,32.752569559017751,Bogue Inlet,173.454139555881142,169.990653507274743
"732",Marsh,22.164701278867589,Bogue Inlet,170.799317023928012,166.962120679397117
"733",Marsh,12.165916869143720,Bogue Inlet,168.822332347604174,164.062905443564631
"734",Marsh,6.552709208146396,Bogue Inlet,167.547184839806590,147.774423119830573
"735",Marsh,13.268742980057437,Bogue Inlet,166.989955043292525,141.951509006694039
"736",Swamp Forest,15.811801738622565,Ocracoke Inlet,150.616138421210962,136.831595134394803
"737",Swamp Forest,15.047254808917778,Ocracoke Inlet,144.290897857857544,132.426869011715922
"738",Sediment Bank,2.203684118883433,Oregon inlet,119.872706757432724,107.837900977288442
"739",Swamp Forest,1.383776089014394,Oregon inlet,109.653288099614656,97.322279846469513
"740",Swamp Forest,6.055387312380646,Oregon inlet,99.585780369541411,86.907982481492866
"741",Marsh,0.519037262993013,Oregon inlet,89.721353420345338,76.636346799727562
"742",Marsh,2.549808026089178,Oregon inlet,80.135056605244813,66.573459053939729
"743",Swamp Forest,0.468025681829747,Oregon inlet,70.939751042974279,56.830335637081056
"744",Swamp Forest,2.736867441141606,Oregon inlet,62.308798309265114,47.603742569706093
"745",Marsh,2.283300001877840,Oregon inlet,54.510946410103344,39.241227140069867
"746",Marsh,0.905382459425952,Oregon inlet,47.954358295479402,32.453103879695085
"747",Modified,5.240126394337432,Oregon inlet,43.207857928768064,28.348900317799266
"748",Marsh,15.271797684110455,Oregon inlet,40.906472204595538,27.530659495506765
"749",Modified,24.603182476457214,Oregon inlet,41.459404513774736,30.773822483896257
"750",Modified,35.023606667508119,Oregon inlet,44.761000656011809,37.052502811918949
"751",Marsh,142.177040607697762,New Topsail Inlet,236.665833974455836,235.561315446483661
"752",Marsh,131.356917220770697,New Topsail Inlet,231.891365075053784,228.291494111294298
"753",Marsh,120.552253925957700,New Topsail Inlet,227.551278114815432,221.329998367733651
"754",Marsh,109.767635456088357,New River Inlet,216.340891926276214,214.706832059754788
"755",Marsh,99.009631727263056,New River Inlet,211.301603105358339,208.454257097820204
"756",Marsh,88.287992225383732,Brown's Inlet,204.340905790504934,202.606596317460799
"757",Marsh,77.617807963746259,Brown's Inlet,199.673609231930044,197.199883525155826
"758",Marsh,67.023679097929616,Brown's Inlet,195.515323733849186,192.271329459354888
"759",Marsh,56.548389011844435,Bear Inlet,190.779022888896350,187.858579715135676
"760",Marsh,46.272738742788171,Bear Inlet,187.447023186779035,183.998755732499490
"761",Marsh,36.366376770136377,Bogue Inlet,183.684759074715885,180.117417345074244
"762",Marsh,27.235319012230558,Bogue Inlet,181.182934975002723,177.265441854141756
"763",Marsh,19.972856151709529,Bogue Inlet,179.322712108101371,162.678980279877550
"764",Marsh,8.752221768621460,Bogue Inlet,178.124195944296616,156.726688105237230
"765",Marsh,20.662306947170364,Bogue Inlet,177.600785133530024,151.236253616444458
"766",Swamp Forest,15.195282339422969,Ocracoke Inlet,159.200496139057350,146.447183992713661
"767",Swamp Forest,8.178065120818260,Oregon inlet,133.841497227836214,142.345340859147370
"768",Swamp Forest,3.758703445272024,Oregon inlet,123.822262177997203,110.990471595762671
"769",Sediment Bank,2.848368992797835,Oregon inlet,113.970047984003074,100.817230172243399
"770",Swamp Forest,1.163310413697010,Oregon inlet,104.332198697881694,90.817462506248958
"771",Swamp Forest,5.001518190352790,Oregon inlet,94.974014390113169,81.055416523763085
"772",Swamp Forest,1.787858648098132,Oregon inlet,85.986870486785719,71.628371880186350
"773",Modified,2.743776741723055,Oregon inlet,77.499972010866770,62.685991232289354
"774",Marsh,0.074415224340859,Oregon inlet,69.696318789922017,54.455157160545149
"775",Marsh,0.829187028820842,Oregon inlet,62.831021373839562,47.337141671292379
"776",Marsh,0.174225199417932,Oregon inlet,57.242713522468165,41.881194683510991
"777",Marsh,8.000039002230956,Oregon inlet,53.334331388289741,38.700794145985292
"778",Modified,20.451224605296041,Oregon inlet,51.489861868029728,38.091924235021679
"779",Modified,29.327573156841932,Oregon inlet,51.929697305184021,40.492538955897423
"780",Marsh,39.224641459390767,Oregon inlet,54.598659281322441,45.454714449201759
"781",Marsh,143.757933034597727,New Topsail Inlet,246.151362024854990,243.444799251643218
"782",Marsh,133.079961996445746,New Topsail Inlet,241.570005661056172,236.426106161501139
"783",Marsh,122.440993724093786,New River Inlet,230.936836913141747,229.719469044178368
"784",Marsh,111.852177159932310,New River Inlet,225.692624972200093,223.353010623296029
"785",Marsh,101.329255079539379,New River Inlet,220.872675229627276,217.356634867725944
"786",Marsh,90.895135445573587,Brown's Inlet,213.868103132374841,211.761791994810238
"787",Marsh,80.584339713461517,Brown's Inlet,209.418669020056200,206.601114382220715
"788",Marsh,70.451055175958984,Bear Inlet,204.521954756515242,201.907904072814290
"789",Marsh,60.584438131760351,Bear Inlet,200.819596976542243,197.715460279583652
"790",Marsh,51.139092012250416,Bear Inlet,197.660765327699693,194.056248324043167
"791",Marsh,42.397530449852738,Bogue Inlet,193.956566960154618,190.297267741853119
"792",Marsh,34.892792813205219,Bogue Inlet,191.591789646301237,187.603385575132961
"793",Marsh,29.581697790143785,Bogue Inlet,189.835719078508589,171.503391942937981
"794",Marsh,19.308646552403072,Bogue Inlet,188.705352367688306,165.784564589726642
"795",Marsh,13.085983549742854,Bogue Inlet,188.211965156309446,160.685608555723405
"796",Marsh,7.590071399380054,Oregon inlet,148.037556782186755,156.192059870558069
"797",Swamp Forest,2.812629922964960,Oregon inlet,138.196025884677880,124.997305364782974
"798",Swamp Forest,1.249399358397810,Oregon inlet,128.528922008011563,115.039124574146982
"799",Swamp Forest,1.809453429714643,Oregon inlet,119.078750765428751,105.270362349120902
"800",Swamp Forest,6.232683763581996,Oregon inlet,109.901503508147727,95.749029835975847
"801",Marsh,12.719137955101091,Oregon inlet,101.071567812590629,86.556835291170628
"802",Swamp Forest,4.980782180961576,Oregon inlet,92.688272252445671,77.808665933179967
"803",Swamp Forest,0.235738427216643,Oregon inlet,84.884067831198934,69.660197397986806
"804",Swamp Forest,1.606900468033280,Oregon inlet,77.833356888208343,62.375288965841698
"805",Marsh,2.304599019448474,Oregon inlet,71.758602348769557,56.270365162148757
"806",Marsh,1.283781669844886,Oregon inlet,66.926101638130305,51.763700676075139
"807",Marsh,13.375584200589920,Oregon inlet,63.619577899155964,49.185743656255113
"808",Marsh,22.211421751366064,Oregon inlet,62.083335245389293,48.675618579057691
"809",Marsh,31.973992073120446,Oregon inlet,62.448161296478276,50.571953699988526
"810",Modified,44.160876029874579,Oregon inlet,64.681895643005006,54.632153479238539
"811",Marsh,146.094510132689408,New Topsail Inlet,255.725596442616933,251.529083953057096
"812",Marsh,135.613968884031181,New Topsail Inlet,251.324184963024152,244.750649304814829
"813",Marsh,125.203788867186304,New River Inlet,240.183304984270336,238.286352886643414
"814",Marsh,114.883117617904801,New River Inlet,235.151539102440779,232.162446817889503
"815",Marsh,104.678452116476677,Brown's Inlet,228.193137436658589,226.406563328466348
"816",Marsh,94.627348726193546,Brown's Inlet,223.493251180098866,221.047462290729811
"817",Marsh,84.784457413071550,Brown's Inlet,219.244428136115914,216.114671745243783
"818",Marsh,75.231565039875463,Bear Inlet,214.440222966858670,211.638010427760634
"819",Marsh,66.094553475041977,Bear Inlet,210.916336318158358,207.646988484630697
"820",Marsh,57.571790860603173,Bogue Inlet,207.064703302368258,203.635496653281990
"821",Marsh,49.978528791340352,Bogue Inlet,204.263376257758637,200.522146941489154
"822",Marsh,43.800890282131057,Bogue Inlet,202.022007208070619,197.970555512086605
"823",Marsh,24.036862831925511,Bogue Inlet,200.359392790872135,180.439362104796970
"824",Marsh,15.312512701933953,Bogue Inlet,199.290021179028571,175.086448077682604
"825",Marsh,4.985838746976284,Oregon inlet,162.398588411758055,170.272202543947003
"826",Marsh,1.481960149088556,Oregon inlet,152.713890589537954,139.237475539546296
"827",Swamp Forest,4.070017425421060,Oregon inlet,143.206100274391190,129.467299899107672
"828",Swamp Forest,4.624023685496296,Oregon inlet,133.912920297138299,119.893160472427383
"829",Swamp Forest,6.632572166723230,Oregon inlet,124.882286904888971,110.566011372995618
"830",Swamp Forest,16.827128486245055,Oregon inlet,116.175457257886890,101.553945873333305
"831",Marsh,8.157610124051860,Oregon inlet,107.870882746695557,92.935619358602580
"832",Marsh,2.888117693279545,Oregon inlet,100.068775855387798,84.856024332497967
"833",Swamp Forest,7.481710245970700,Oregon inlet,92.895839846648911,77.472284220953952
"834",Miscellaneous,2.443910419037259,Oregon inlet,86.508733517720970,71.001838599295780
"835",Marsh,0.770561209782508,Oregon inlet,81.093362393957761,65.707313876120068
"836",Marsh,4.097124654337942,Oregon inlet,76.855421540145883,61.891817942123311
"837",Marsh,14.212697038445357,Oregon inlet,73.997494569246740,59.715976059845886
"838",Modified,24.606851428496206,Oregon inlet,72.682558029373979,59.269819615000245
"839",Marsh,36.966434413135282,Oregon inlet,72.994049328696988,60.834930023922105
"840",Marsh,46.413887901034755,Oregon inlet,74.911682127138818,64.240958544092663
"841",Marsh,149.151297252676130,New Topsail Inlet,265.378957046726043,259.795445724007436
"842",Marsh,138.914604599847138,New River Inlet,254.754904986090565,253.246415916782013
"843",Marsh,128.784440789340380,New River Inlet,249.538633504250356,247.012213523938300
"844",Marsh,118.788080982710966,New River Inlet,244.705227902752029,241.117269638279623
"845",Marsh,108.962375331651273,Brown's Inlet,237.706806811027548,235.587062049076309
"846",Marsh,99.357983397306526,Brown's Inlet,233.204245354149691,230.447859377844509
"847",Marsh,90.045767276070549,Bear Inlet,228.262582318772672,225.726377751781030
"848",Marsh,81.126420016609359,Bear Inlet,224.422173514236050,221.449344628671810
"849",Marsh,72.744613010078623,Bear Inlet,221.061569879082356,217.642970629702205
"850",Marsh,65.108296861579930,Bogue Inlet,217.265051028644478,213.745875524717150
"851",Marsh,42.936340645692141,Bogue Inlet,214.600169315467241,210.785528097455284
"852",Marsh,32.082598813236878,Bogue Inlet,212.470467241820984,195.247769742534445
"853",Marsh,21.230558851133701,Bogue Inlet,210.892162292989525,189.610391262119123
"854",Marsh,10.385601243452127,Oregon inlet,176.881919343900250,184.529976572140043
"855",Marsh,0.816053046671104,Oregon inlet,167.335722065632609,153.643256327806569
"856",Swamp Forest,5.982415857803768,Oregon inlet,157.965827001877926,144.036734892663588
"857",Swamp Forest,0.770632936686372,Oregon inlet,148.805557704826413,134.627255249002246
"858",Swamp Forest,10.202497364041614,Oregon inlet,139.896114200019809,125.459176164806465
"859",Swamp Forest,14.093394432544075,Oregon inlet,131.288585952597060,116.589475547028059
"860",Marsh,15.227015038182968,Oregon inlet,123.046364189586058,108.077889019577739
"861",Marsh,4.371624673432083,Oregon inlet,115.247867012363727,100.042493283574686
"862",Marsh,7.230994891487064,Oregon inlet,107.989282007983050,92.594666025139929
"863",Swamp Forest,0.064660542927934,Oregon inlet,101.386649998370714,85.887411639480462
"864",Marsh,0.427597645912895,Oregon inlet,95.576023732561154,80.100926058484859
"865",Sediment Bank,1.974906817242184,Oregon inlet,90.709742340644567,75.457486660621754
"866",Sediment Bank,5.317033236759842,Oregon inlet,86.946519994152794,72.159535368868774
"867",Sediment Bank,16.014227133534273,Oregon inlet,84.433981931616017,70.271214482514338
"868",Marsh,28.155164647105256,Oregon inlet,83.285400422469777,69.869825928878058
"869",Marsh,38.076560694155312,Oregon inlet,83.557043361456223,71.200701908520969
"870",Marsh,48.404507855766759,Oregon inlet,85.235332753235028,74.130580694299994
"871",Marsh,152.885136373524318,New Topsail Inlet,275.103134238259599,268.227071416348394
"872",Marsh,142.928806050604351,New River Inlet,264.014590791464684,261.896764237033324
"873",Marsh,133.117009216307849,New River Inlet,258.991047005357416,255.880808887276999
"874",Marsh,123.484220918601054,Brown's Inlet,252.034074801463703,250.201891071860615
"875",Marsh,114.075814733238857,Brown's Inlet,247.310068230229689,244.883468831538437
"876",Marsh,104.952168782696916,Brown's Inlet,242.990815982035315,239.949522598057541
"877",Marsh,96.194358643207408,Bear Inlet,238.133856871786179,235.424234518622882
"878",Marsh,87.911802312551245,Bear Inlet,234.459696159046189,231.331595312600683
"879",Marsh,65.365731707029852,Bear Inlet,231.248938838403717,227.694942135409946
"880",Marsh,54.668743788996629,Bogue Inlet,227.503298759781075,223.902920416634345
"881",Marsh,44.046004987600561,Bogue Inlet,224.962837299475495,221.082073811648627
"882",Marsh,33.568103493952933,Bogue Inlet,222.934629318989522,204.229024563674699
"883",Marsh,23.430191860138724,Bogue Inlet,221.432754303430698,198.924986751604763
"884",Marsh,14.370818666798669,Oregon inlet,182.034040343355116,168.169470595343142
"885",Marsh,9.972849752335254,Oregon inlet,172.784395509098459,158.705757008253698
"886",Marsh,13.810704079905788,Oregon inlet,163.738020826691724,149.436789506378375
"887",Swamp Forest,8.168726803100030,Oregon inlet,154.930542491739061,140.401159413258910
"888",Swamp Forest,13.378923035802533,Oregon inlet,146.405096606728449,131.645223366481275
"889",Swamp Forest,24.052717363868368,Oregon inlet,138.213897359272210,123.219822829761227
"890",Marsh,18.598322112828821,Oregon inlet,130.419952346440681,115.219520352409631
"891",Marsh,11.550273397918412,Oregon inlet,123.098753943532486,107.727705044388770
"892",Marsh,12.503237350968536,Oregon inlet,116.339598068948661,100.857766410736033
"893",Miscellaneous,8.374044675268260,Oregon inlet,110.245920860812262,94.745089306935370
"894",Marsh,8.266577758843107,Oregon inlet,104.933733095310913,89.537416787283007
"895",Modified,8.246067978120832,Oregon inlet,100.527009745458884,85.404302179981514
"896",Marsh,10.746689713431119,Oregon inlet,97.149053116138987,82.514821919501045
"897",Sediment Bank,19.497374512613025,Oregon inlet,94.909777594134340,80.781591450824834
"898",Sediment Bank,29.131283683526377,Oregon inlet,93.890694132694378,80.473411122405764
"899",Sediment Bank,39.402172703492347,Oregon inlet,94.131442712005438,81.630185005155141
"900",Sediment Bank,49.918384071670097,Oregon inlet,95.622507806797316,84.196676599939209
