"","gridID","geometry"
"1",75,list(c(-78.0516361666667, -77.99102825, -77.99102825, -78.0516361666667, -78.0516361666667, 33.8507578333333, 33.8507578333333, 33.8985776666667, 33.8985776666667, 33.8507578333333))
"2",76,list(c(-77.99102825, -77.9304203333333, -77.9304203333333, -77.99102825, -77.99102825, 33.8507578333333, 33.8507578333333, 33.8985776666667, 33.8985776666667, 33.8507578333333))
"3",135,list(c(-78.0516361666667, -77.99102825, -77.99102825, -78.0516361666667, -78.0516361666667, 33.8985776666667, 33.8985776666667, 33.9463975, 33.9463975, 33.8985776666667))
"4",136,list(c(-77.99102825, -77.9304203333333, -77.9304203333333, -77.99102825, -77.99102825, 33.8985776666667, 33.8985776666667, 33.9463975, 33.9463975, 33.8985776666667))
"5",196,list(c(-77.99102825, -77.9304203333333, -77.9304203333333, -77.99102825, -77.99102825, 33.9463975, 33.9463975, 33.9942173333333, 33.9942173333333, 33.9463975))
"6",197,list(c(-77.9304203333333, -77.8698124166667, -77.8698124166667, -77.9304203333333, -77.9304203333333, 33.9463975, 33.9463975, 33.9942173333333, 33.9942173333333, 33.9463975))
"7",256,list(c(-77.99102825, -77.9304203333333, -77.9304203333333, -77.99102825, -77.99102825, 33.9942173333333, 33.9942173333333, 34.0420371666667, 34.0420371666667, 33.9942173333333))
"8",257,list(c(-77.9304203333333, -77.8698124166667, -77.8698124166667, -77.9304203333333, -77.9304203333333, 33.9942173333333, 33.9942173333333, 34.0420371666667, 34.0420371666667, 33.9942173333333))
"9",258,list(c(-77.8698124166667, -77.8092045, -77.8092045, -77.8698124166667, -77.8698124166667, 33.9942173333333, 33.9942173333333, 34.0420371666667, 34.0420371666667, 33.9942173333333))
"10",316,list(c(-77.99102825, -77.9304203333333, -77.9304203333333, -77.99102825, -77.99102825, 34.0420371666667, 34.0420371666667, 34.089857, 34.089857, 34.0420371666667))
"11",317,list(c(-77.9304203333333, -77.8698124166667, -77.8698124166667, -77.9304203333333, -77.9304203333333, 34.0420371666667, 34.0420371666667, 34.089857, 34.089857, 34.0420371666667))
"12",376,list(c(-77.99102825, -77.9304203333333, -77.9304203333333, -77.99102825, -77.99102825, 34.089857, 34.089857, 34.1376768333333, 34.1376768333333, 34.089857))
"13",377,list(c(-77.9304203333333, -77.8698124166667, -77.8698124166667, -77.9304203333333, -77.9304203333333, 34.089857, 34.089857, 34.1376768333333, 34.1376768333333, 34.089857))
"14",436,list(c(-77.99102825, -77.9304203333333, -77.9304203333333, -77.99102825, -77.99102825, 34.1376768333333, 34.1376768333333, 34.1854966666667, 34.1854966666667, 34.1376768333333))
"15",1050,list(c(-77.1425174166667, -77.0819095, -77.0819095, -77.1425174166667, -77.1425174166667, 34.6158751666667, 34.6158751666667, 34.663695, 34.663695, 34.6158751666667))
"16",1051,list(c(-77.0819095, -77.0213015833333, -77.0213015833333, -77.0819095, -77.0819095, 34.6158751666667, 34.6158751666667, 34.663695, 34.663695, 34.6158751666667))
"17",1110,list(c(-77.1425174166667, -77.0819095, -77.0819095, -77.1425174166667, -77.1425174166667, 34.663695, 34.663695, 34.7115148333333, 34.7115148333333, 34.663695))
"18",1111,list(c(-77.0819095, -77.0213015833333, -77.0213015833333, -77.0819095, -77.0819095, 34.663695, 34.663695, 34.7115148333333, 34.7115148333333, 34.663695))
"19",1112,list(c(-77.0213015833333, -76.9606936666667, -76.9606936666667, -77.0213015833333, -77.0213015833333, 34.663695, 34.663695, 34.7115148333333, 34.7115148333333, 34.663695))
"20",1113,list(c(-76.9606936666667, -76.90008575, -76.90008575, -76.9606936666667, -76.9606936666667, 34.663695, 34.663695, 34.7115148333333, 34.7115148333333, 34.663695))
"21",1114,list(c(-76.90008575, -76.8394778333333, -76.8394778333333, -76.90008575, -76.90008575, 34.663695, 34.663695, 34.7115148333333, 34.7115148333333, 34.663695))
"22",1115,list(c(-76.8394778333333, -76.7788699166667, -76.7788699166667, -76.8394778333333, -76.8394778333333, 34.663695, 34.663695, 34.7115148333333, 34.7115148333333, 34.663695))
"23",1116,list(c(-76.7788699166667, -76.718262, -76.718262, -76.7788699166667, -76.7788699166667, 34.663695, 34.663695, 34.7115148333333, 34.7115148333333, 34.663695))
"24",1117,list(c(-76.718262, -76.6576540833333, -76.6576540833333, -76.718262, -76.718262, 34.663695, 34.663695, 34.7115148333333, 34.7115148333333, 34.663695))
"25",1170,list(c(-77.1425174166667, -77.0819095, -77.0819095, -77.1425174166667, -77.1425174166667, 34.7115148333333, 34.7115148333333, 34.7593346666667, 34.7593346666667, 34.7115148333333))
"26",1173,list(c(-76.9606936666667, -76.90008575, -76.90008575, -76.9606936666667, -76.9606936666667, 34.7115148333333, 34.7115148333333, 34.7593346666667, 34.7593346666667, 34.7115148333333))
"27",1174,list(c(-76.90008575, -76.8394778333333, -76.8394778333333, -76.90008575, -76.90008575, 34.7115148333333, 34.7115148333333, 34.7593346666667, 34.7593346666667, 34.7115148333333))
"28",1175,list(c(-76.8394778333333, -76.7788699166667, -76.7788699166667, -76.8394778333333, -76.8394778333333, 34.7115148333333, 34.7115148333333, 34.7593346666667, 34.7593346666667, 34.7115148333333))
"29",1176,list(c(-76.7788699166667, -76.718262, -76.718262, -76.7788699166667, -76.7788699166667, 34.7115148333333, 34.7115148333333, 34.7593346666667, 34.7593346666667, 34.7115148333333))
"30",1177,list(c(-76.718262, -76.6576540833333, -76.6576540833333, -76.718262, -76.718262, 34.7115148333333, 34.7115148333333, 34.7593346666667, 34.7593346666667, 34.7115148333333))
"31",1229,list(c(-77.2031253333333, -77.1425174166667, -77.1425174166667, -77.2031253333333, -77.2031253333333, 34.7593346666667, 34.7593346666667, 34.8071545, 34.8071545, 34.7593346666667))
"32",1236,list(c(-76.7788699166667, -76.718262, -76.718262, -76.7788699166667, -76.7788699166667, 34.7593346666667, 34.7593346666667, 34.8071545, 34.8071545, 34.7593346666667))
"33",1237,list(c(-76.718262, -76.6576540833333, -76.6576540833333, -76.718262, -76.718262, 34.7593346666667, 34.7593346666667, 34.8071545, 34.8071545, 34.7593346666667))
"34",1240,list(c(-76.53643825, -76.4758303333333, -76.4758303333333, -76.53643825, -76.53643825, 34.7593346666667, 34.7593346666667, 34.8071545, 34.8071545, 34.7593346666667))
"35",1301,list(c(-76.4758303333333, -76.4152224166667, -76.4152224166667, -76.4758303333333, -76.4758303333333, 34.8071545, 34.8071545, 34.8549743333333, 34.8549743333333, 34.8071545))
"36",1302,list(c(-76.4152224166667, -76.3546145, -76.3546145, -76.4152224166667, -76.4152224166667, 34.8071545, 34.8071545, 34.8549743333333, 34.8549743333333, 34.8071545))
"37",1362,list(c(-76.4152224166667, -76.3546145, -76.3546145, -76.4152224166667, -76.4152224166667, 34.8549743333333, 34.8549743333333, 34.9027941666667, 34.9027941666667, 34.8549743333333))
"38",1363,list(c(-76.3546145, -76.2940065833333, -76.2940065833333, -76.3546145, -76.3546145, 34.8549743333333, 34.8549743333333, 34.9027941666667, 34.9027941666667, 34.8549743333333))
"39",1414,list(c(-76.90008575, -76.8394778333333, -76.8394778333333, -76.90008575, -76.90008575, 34.9027941666667, 34.9027941666667, 34.950614, 34.950614, 34.9027941666667))
"40",1415,list(c(-76.8394778333333, -76.7788699166667, -76.7788699166667, -76.8394778333333, -76.8394778333333, 34.9027941666667, 34.9027941666667, 34.950614, 34.950614, 34.9027941666667))
"41",1416,list(c(-76.7788699166667, -76.718262, -76.718262, -76.7788699166667, -76.7788699166667, 34.9027941666667, 34.9027941666667, 34.950614, 34.950614, 34.9027941666667))
"42",1417,list(c(-76.718262, -76.6576540833333, -76.6576540833333, -76.718262, -76.718262, 34.9027941666667, 34.9027941666667, 34.950614, 34.950614, 34.9027941666667))
"43",1421,list(c(-76.4758303333333, -76.4152224166667, -76.4152224166667, -76.4758303333333, -76.4758303333333, 34.9027941666667, 34.9027941666667, 34.950614, 34.950614, 34.9027941666667))
"44",1422,list(c(-76.4152224166667, -76.3546145, -76.3546145, -76.4152224166667, -76.4152224166667, 34.9027941666667, 34.9027941666667, 34.950614, 34.950614, 34.9027941666667))
"45",1423,list(c(-76.3546145, -76.2940065833333, -76.2940065833333, -76.3546145, -76.3546145, 34.9027941666667, 34.9027941666667, 34.950614, 34.950614, 34.9027941666667))
"46",1424,list(c(-76.2940065833333, -76.2333986666667, -76.2333986666667, -76.2940065833333, -76.2940065833333, 34.9027941666667, 34.9027941666667, 34.950614, 34.950614, 34.9027941666667))
"47",1425,list(c(-76.2333986666667, -76.17279075, -76.17279075, -76.2333986666667, -76.2333986666667, 34.9027941666667, 34.9027941666667, 34.950614, 34.950614, 34.9027941666667))
"48",1472,list(c(-77.0213015833333, -76.9606936666667, -76.9606936666667, -77.0213015833333, -77.0213015833333, 34.950614, 34.950614, 34.9984338333333, 34.9984338333333, 34.950614))
"49",1473,list(c(-76.9606936666667, -76.90008575, -76.90008575, -76.9606936666667, -76.9606936666667, 34.950614, 34.950614, 34.9984338333333, 34.9984338333333, 34.950614))
"50",1474,list(c(-76.90008575, -76.8394778333333, -76.8394778333333, -76.90008575, -76.90008575, 34.950614, 34.950614, 34.9984338333333, 34.9984338333333, 34.950614))
"51",1475,list(c(-76.8394778333333, -76.7788699166667, -76.7788699166667, -76.8394778333333, -76.8394778333333, 34.950614, 34.950614, 34.9984338333333, 34.9984338333333, 34.950614))
"52",1476,list(c(-76.7788699166667, -76.718262, -76.718262, -76.7788699166667, -76.7788699166667, 34.950614, 34.950614, 34.9984338333333, 34.9984338333333, 34.950614))
"53",1477,list(c(-76.718262, -76.6576540833333, -76.6576540833333, -76.718262, -76.718262, 34.950614, 34.950614, 34.9984338333333, 34.9984338333333, 34.950614))
"54",1478,list(c(-76.6576540833333, -76.5970461666667, -76.5970461666667, -76.6576540833333, -76.6576540833333, 34.950614, 34.950614, 34.9984338333333, 34.9984338333333, 34.950614))
"55",1481,list(c(-76.4758303333333, -76.4152224166667, -76.4152224166667, -76.4758303333333, -76.4758303333333, 34.950614, 34.950614, 34.9984338333333, 34.9984338333333, 34.950614))
"56",1482,list(c(-76.4152224166667, -76.3546145, -76.3546145, -76.4152224166667, -76.4152224166667, 34.950614, 34.950614, 34.9984338333333, 34.9984338333333, 34.950614))
"57",1483,list(c(-76.3546145, -76.2940065833333, -76.2940065833333, -76.3546145, -76.3546145, 34.950614, 34.950614, 34.9984338333333, 34.9984338333333, 34.950614))
"58",1484,list(c(-76.2940065833333, -76.2333986666667, -76.2333986666667, -76.2940065833333, -76.2940065833333, 34.950614, 34.950614, 34.9984338333333, 34.9984338333333, 34.950614))
"59",1485,list(c(-76.2333986666667, -76.17279075, -76.17279075, -76.2333986666667, -76.2333986666667, 34.950614, 34.950614, 34.9984338333333, 34.9984338333333, 34.950614))
"60",1532,list(c(-77.0213015833333, -76.9606936666667, -76.9606936666667, -77.0213015833333, -77.0213015833333, 34.9984338333333, 34.9984338333333, 35.0462536666667, 35.0462536666667, 34.9984338333333))
"61",1533,list(c(-76.9606936666667, -76.90008575, -76.90008575, -76.9606936666667, -76.9606936666667, 34.9984338333333, 34.9984338333333, 35.0462536666667, 35.0462536666667, 34.9984338333333))
"62",1534,list(c(-76.90008575, -76.8394778333333, -76.8394778333333, -76.90008575, -76.90008575, 34.9984338333333, 34.9984338333333, 35.0462536666667, 35.0462536666667, 34.9984338333333))
"63",1536,list(c(-76.7788699166667, -76.718262, -76.718262, -76.7788699166667, -76.7788699166667, 34.9984338333333, 34.9984338333333, 35.0462536666667, 35.0462536666667, 34.9984338333333))
"64",1537,list(c(-76.718262, -76.6576540833333, -76.6576540833333, -76.718262, -76.718262, 34.9984338333333, 34.9984338333333, 35.0462536666667, 35.0462536666667, 34.9984338333333))
"65",1538,list(c(-76.6576540833333, -76.5970461666667, -76.5970461666667, -76.6576540833333, -76.6576540833333, 34.9984338333333, 34.9984338333333, 35.0462536666667, 35.0462536666667, 34.9984338333333))
"66",1541,list(c(-76.4758303333333, -76.4152224166667, -76.4152224166667, -76.4758303333333, -76.4758303333333, 34.9984338333333, 34.9984338333333, 35.0462536666667, 35.0462536666667, 34.9984338333333))
"67",1542,list(c(-76.4152224166667, -76.3546145, -76.3546145, -76.4152224166667, -76.4152224166667, 34.9984338333333, 34.9984338333333, 35.0462536666667, 35.0462536666667, 34.9984338333333))
"68",1543,list(c(-76.3546145, -76.2940065833333, -76.2940065833333, -76.3546145, -76.3546145, 34.9984338333333, 34.9984338333333, 35.0462536666667, 35.0462536666667, 34.9984338333333))
"69",1544,list(c(-76.2940065833333, -76.2333986666667, -76.2333986666667, -76.2940065833333, -76.2940065833333, 34.9984338333333, 34.9984338333333, 35.0462536666667, 35.0462536666667, 34.9984338333333))
"70",1591,list(c(-77.0819095, -77.0213015833333, -77.0213015833333, -77.0819095, -77.0819095, 35.0462536666667, 35.0462536666667, 35.0940735, 35.0940735, 35.0462536666667))
"71",1592,list(c(-77.0213015833333, -76.9606936666667, -76.9606936666667, -77.0213015833333, -77.0213015833333, 35.0462536666667, 35.0462536666667, 35.0940735, 35.0940735, 35.0462536666667))
"72",1593,list(c(-76.9606936666667, -76.90008575, -76.90008575, -76.9606936666667, -76.9606936666667, 35.0462536666667, 35.0462536666667, 35.0940735, 35.0940735, 35.0462536666667))
"73",1598,list(c(-76.6576540833333, -76.5970461666667, -76.5970461666667, -76.6576540833333, -76.6576540833333, 35.0462536666667, 35.0462536666667, 35.0940735, 35.0940735, 35.0462536666667))
"74",1606,list(c(-76.17279075, -76.1121828333333, -76.1121828333333, -76.17279075, -76.17279075, 35.0462536666667, 35.0462536666667, 35.0940735, 35.0940735, 35.0462536666667))
"75",1607,list(c(-76.1121828333333, -76.0515749166667, -76.0515749166667, -76.1121828333333, -76.1121828333333, 35.0462536666667, 35.0462536666667, 35.0940735, 35.0940735, 35.0462536666667))
"76",1651,list(c(-77.0819095, -77.0213015833333, -77.0213015833333, -77.0819095, -77.0819095, 35.0940735, 35.0940735, 35.1418933333333, 35.1418933333333, 35.0940735))
"77",1652,list(c(-77.0213015833333, -76.9606936666667, -76.9606936666667, -77.0213015833333, -77.0213015833333, 35.0940735, 35.0940735, 35.1418933333333, 35.1418933333333, 35.0940735))
"78",1667,list(c(-76.1121828333333, -76.0515749166667, -76.0515749166667, -76.1121828333333, -76.1121828333333, 35.0940735, 35.0940735, 35.1418933333333, 35.1418933333333, 35.0940735))
"79",1668,list(c(-76.0515749166667, -75.990967, -75.990967, -76.0515749166667, -76.0515749166667, 35.0940735, 35.0940735, 35.1418933333333, 35.1418933333333, 35.0940735))
"80",1669,list(c(-75.990967, -75.9303590833333, -75.9303590833333, -75.990967, -75.990967, 35.0940735, 35.0940735, 35.1418933333333, 35.1418933333333, 35.0940735))
"81",1670,list(c(-75.9303590833333, -75.8697511666667, -75.8697511666667, -75.9303590833333, -75.9303590833333, 35.0940735, 35.0940735, 35.1418933333333, 35.1418933333333, 35.0940735))
"82",1728,list(c(-76.0515749166667, -75.990967, -75.990967, -76.0515749166667, -76.0515749166667, 35.1418933333333, 35.1418933333333, 35.1897131666667, 35.1897131666667, 35.1418933333333))
"83",1729,list(c(-75.990967, -75.9303590833333, -75.9303590833333, -75.990967, -75.990967, 35.1418933333333, 35.1418933333333, 35.1897131666667, 35.1897131666667, 35.1418933333333))
"84",1730,list(c(-75.9303590833333, -75.8697511666667, -75.8697511666667, -75.9303590833333, -75.9303590833333, 35.1418933333333, 35.1418933333333, 35.1897131666667, 35.1897131666667, 35.1418933333333))
"85",1731,list(c(-75.8697511666667, -75.80914325, -75.80914325, -75.8697511666667, -75.8697511666667, 35.1418933333333, 35.1418933333333, 35.1897131666667, 35.1897131666667, 35.1418933333333))
"86",1732,list(c(-75.80914325, -75.7485353333333, -75.7485353333333, -75.80914325, -75.80914325, 35.1418933333333, 35.1418933333333, 35.1897131666667, 35.1897131666667, 35.1418933333333))
"87",1791,list(c(-75.8697511666667, -75.80914325, -75.80914325, -75.8697511666667, -75.8697511666667, 35.1897131666667, 35.1897131666667, 35.237533, 35.237533, 35.1897131666667))
"88",1792,list(c(-75.80914325, -75.7485353333333, -75.7485353333333, -75.80914325, -75.80914325, 35.1897131666667, 35.1897131666667, 35.237533, 35.237533, 35.1897131666667))
"89",1793,list(c(-75.7485353333333, -75.6879274166667, -75.6879274166667, -75.7485353333333, -75.7485353333333, 35.1897131666667, 35.1897131666667, 35.237533, 35.237533, 35.1897131666667))
"90",1794,list(c(-75.6879274166667, -75.6273195, -75.6273195, -75.6879274166667, -75.6879274166667, 35.1897131666667, 35.1897131666667, 35.237533, 35.237533, 35.1897131666667))
"91",1852,list(c(-75.80914325, -75.7485353333333, -75.7485353333333, -75.80914325, -75.80914325, 35.237533, 35.237533, 35.2853528333333, 35.2853528333333, 35.237533))
"92",1853,list(c(-75.7485353333333, -75.6879274166667, -75.6879274166667, -75.7485353333333, -75.7485353333333, 35.237533, 35.237533, 35.2853528333333, 35.2853528333333, 35.237533))
"93",1854,list(c(-75.6879274166667, -75.6273195, -75.6273195, -75.6879274166667, -75.6879274166667, 35.237533, 35.237533, 35.2853528333333, 35.2853528333333, 35.237533))
"94",1855,list(c(-75.6273195, -75.5667115833333, -75.5667115833333, -75.6273195, -75.6273195, 35.237533, 35.237533, 35.2853528333333, 35.2853528333333, 35.237533))
"95",1856,list(c(-75.5667115833333, -75.5061036666667, -75.5061036666667, -75.5667115833333, -75.5667115833333, 35.237533, 35.237533, 35.2853528333333, 35.2853528333333, 35.237533))
"96",1913,list(c(-75.7485353333333, -75.6879274166667, -75.6879274166667, -75.7485353333333, -75.7485353333333, 35.2853528333333, 35.2853528333333, 35.3331726666667, 35.3331726666667, 35.2853528333333))
"97",1914,list(c(-75.6879274166667, -75.6273195, -75.6273195, -75.6879274166667, -75.6879274166667, 35.2853528333333, 35.2853528333333, 35.3331726666667, 35.3331726666667, 35.2853528333333))
"98",1915,list(c(-75.6273195, -75.5667115833333, -75.5667115833333, -75.6273195, -75.6273195, 35.2853528333333, 35.2853528333333, 35.3331726666667, 35.3331726666667, 35.2853528333333))
"99",1916,list(c(-75.5667115833333, -75.5061036666667, -75.5061036666667, -75.5667115833333, -75.5667115833333, 35.2853528333333, 35.2853528333333, 35.3331726666667, 35.3331726666667, 35.2853528333333))
"100",1975,list(c(-75.6273195, -75.5667115833333, -75.5667115833333, -75.6273195, -75.6273195, 35.3331726666667, 35.3331726666667, 35.3809925, 35.3809925, 35.3331726666667))
"101",1976,list(c(-75.5667115833333, -75.5061036666667, -75.5061036666667, -75.5667115833333, -75.5667115833333, 35.3331726666667, 35.3331726666667, 35.3809925, 35.3809925, 35.3331726666667))
"102",1977,list(c(-75.5061036666667, -75.44549575, -75.44549575, -75.5061036666667, -75.5061036666667, 35.3331726666667, 35.3331726666667, 35.3809925, 35.3809925, 35.3331726666667))
"103",2036,list(c(-75.5667115833333, -75.5061036666667, -75.5061036666667, -75.5667115833333, -75.5667115833333, 35.3809925, 35.3809925, 35.4288123333333, 35.4288123333333, 35.3809925))
"104",2037,list(c(-75.5061036666667, -75.44549575, -75.44549575, -75.5061036666667, -75.5061036666667, 35.3809925, 35.3809925, 35.4288123333333, 35.4288123333333, 35.3809925))
"105",2096,list(c(-75.5667115833333, -75.5061036666667, -75.5061036666667, -75.5667115833333, -75.5667115833333, 35.4288123333333, 35.4288123333333, 35.4766321666667, 35.4766321666667, 35.4288123333333))
"106",2097,list(c(-75.5061036666667, -75.44549575, -75.44549575, -75.5061036666667, -75.5061036666667, 35.4288123333333, 35.4288123333333, 35.4766321666667, 35.4766321666667, 35.4288123333333))
"107",2156,list(c(-75.5667115833333, -75.5061036666667, -75.5061036666667, -75.5667115833333, -75.5667115833333, 35.4766321666667, 35.4766321666667, 35.524452, 35.524452, 35.4766321666667))
"108",2157,list(c(-75.5061036666667, -75.44549575, -75.44549575, -75.5061036666667, -75.5061036666667, 35.4766321666667, 35.4766321666667, 35.524452, 35.524452, 35.4766321666667))
"109",2216,list(c(-75.5667115833333, -75.5061036666667, -75.5061036666667, -75.5667115833333, -75.5667115833333, 35.524452, 35.524452, 35.5722718333333, 35.5722718333333, 35.524452))
"110",2217,list(c(-75.5061036666667, -75.44549575, -75.44549575, -75.5061036666667, -75.5061036666667, 35.524452, 35.524452, 35.5722718333333, 35.5722718333333, 35.524452))
"111",2276,list(c(-75.5667115833333, -75.5061036666667, -75.5061036666667, -75.5667115833333, -75.5667115833333, 35.5722718333333, 35.5722718333333, 35.6200916666667, 35.6200916666667, 35.5722718333333))
"112",2277,list(c(-75.5061036666667, -75.44549575, -75.44549575, -75.5061036666667, -75.5061036666667, 35.5722718333333, 35.5722718333333, 35.6200916666667, 35.6200916666667, 35.5722718333333))
"113",2335,list(c(-75.6273195, -75.5667115833333, -75.5667115833333, -75.6273195, -75.6273195, 35.6200916666667, 35.6200916666667, 35.6679115, 35.6679115, 35.6200916666667))
"114",2336,list(c(-75.5667115833333, -75.5061036666667, -75.5061036666667, -75.5667115833333, -75.5667115833333, 35.6200916666667, 35.6200916666667, 35.6679115, 35.6679115, 35.6200916666667))
"115",2337,list(c(-75.5061036666667, -75.44549575, -75.44549575, -75.5061036666667, -75.5061036666667, 35.6200916666667, 35.6200916666667, 35.6679115, 35.6679115, 35.6200916666667))
"116",2395,list(c(-75.6273195, -75.5667115833333, -75.5667115833333, -75.6273195, -75.6273195, 35.6679115, 35.6679115, 35.7157313333333, 35.7157313333333, 35.6679115))
"117",2396,list(c(-75.5667115833333, -75.5061036666667, -75.5061036666667, -75.5667115833333, -75.5667115833333, 35.6679115, 35.6679115, 35.7157313333333, 35.7157313333333, 35.6679115))
"118",2397,list(c(-75.5061036666667, -75.44549575, -75.44549575, -75.5061036666667, -75.5061036666667, 35.6679115, 35.6679115, 35.7157313333333, 35.7157313333333, 35.6679115))
"119",2454,list(c(-75.6879274166667, -75.6273195, -75.6273195, -75.6879274166667, -75.6879274166667, 35.7157313333333, 35.7157313333333, 35.7635511666667, 35.7635511666667, 35.7157313333333))
"120",2455,list(c(-75.6273195, -75.5667115833333, -75.5667115833333, -75.6273195, -75.6273195, 35.7157313333333, 35.7157313333333, 35.7635511666667, 35.7635511666667, 35.7157313333333))
"121",2456,list(c(-75.5667115833333, -75.5061036666667, -75.5061036666667, -75.5667115833333, -75.5667115833333, 35.7157313333333, 35.7157313333333, 35.7635511666667, 35.7635511666667, 35.7157313333333))
"122",2515,list(c(-75.6273195, -75.5667115833333, -75.5667115833333, -75.6273195, -75.6273195, 35.7635511666667, 35.7635511666667, 35.811371, 35.811371, 35.7635511666667))
"123",2516,list(c(-75.5667115833333, -75.5061036666667, -75.5061036666667, -75.5667115833333, -75.5667115833333, 35.7635511666667, 35.7635511666667, 35.811371, 35.811371, 35.7635511666667))
"124",2574,list(c(-75.6879274166667, -75.6273195, -75.6273195, -75.6879274166667, -75.6879274166667, 35.811371, 35.811371, 35.8591908333333, 35.8591908333333, 35.811371))
"125",2575,list(c(-75.6273195, -75.5667115833333, -75.5667115833333, -75.6273195, -75.6273195, 35.811371, 35.811371, 35.8591908333333, 35.8591908333333, 35.811371))
"126",2655,list(c(-78.0516361666667, -77.99102825, -77.99102825, -78.0516361666667, -78.0516361666667, 35.9070106666667, 35.9070106666667, 35.9548305, 35.9548305, 35.9070106666667))
"127",757,list(c(-76.718262, -76.6576540833333, -76.6576540833333, -76.718262, -76.718262, 34.376776, 34.376776, 34.4245958333333, 34.4245958333333, 34.376776))
"128",925,list(c(-77.445557, -77.3849490833333, -77.3849490833333, -77.445557, -77.445557, 34.5202355, 34.5202355, 34.5680553333333, 34.5680553333333, 34.5202355))
"129",926,list(c(-77.3849490833333, -77.3243411666667, -77.3243411666667, -77.3849490833333, -77.3849490833333, 34.5202355, 34.5202355, 34.5680553333333, 34.5680553333333, 34.5202355))
"130",985,list(c(-77.445557, -77.3849490833333, -77.3849490833333, -77.445557, -77.445557, 34.5680553333333, 34.5680553333333, 34.6158751666667, 34.6158751666667, 34.5680553333333))
"131",986,list(c(-77.3849490833333, -77.3243411666667, -77.3243411666667, -77.3849490833333, -77.3849490833333, 34.5680553333333, 34.5680553333333, 34.6158751666667, 34.6158751666667, 34.5680553333333))
"132",1045,list(c(-77.445557, -77.3849490833333, -77.3849490833333, -77.445557, -77.445557, 34.6158751666667, 34.6158751666667, 34.663695, 34.663695, 34.6158751666667))
"133",1046,list(c(-77.3849490833333, -77.3243411666667, -77.3243411666667, -77.3849490833333, -77.3849490833333, 34.6158751666667, 34.6158751666667, 34.663695, 34.663695, 34.6158751666667))
"134",1105,list(c(-77.445557, -77.3849490833333, -77.3849490833333, -77.445557, -77.445557, 34.663695, 34.663695, 34.7115148333333, 34.7115148333333, 34.663695))
"135",1106,list(c(-77.3849490833333, -77.3243411666667, -77.3243411666667, -77.3849490833333, -77.3849490833333, 34.663695, 34.663695, 34.7115148333333, 34.7115148333333, 34.663695))
"136",1165,list(c(-77.445557, -77.3849490833333, -77.3849490833333, -77.445557, -77.445557, 34.7115148333333, 34.7115148333333, 34.7593346666667, 34.7593346666667, 34.7115148333333))
"137",1166,list(c(-77.3849490833333, -77.3243411666667, -77.3243411666667, -77.3849490833333, -77.3849490833333, 34.7115148333333, 34.7115148333333, 34.7593346666667, 34.7593346666667, 34.7115148333333))
"138",1418,list(c(-76.6576540833333, -76.5970461666667, -76.5970461666667, -76.6576540833333, -76.6576540833333, 34.9027941666667, 34.9027941666667, 34.950614, 34.950614, 34.9027941666667))
"139",1576,list(c(-77.99102825, -77.9304203333333, -77.9304203333333, -77.99102825, -77.99102825, 35.0462536666667, 35.0462536666667, 35.0940735, 35.0940735, 35.0462536666667))
"140",1956,list(c(-76.7788699166667, -76.718262, -76.718262, -76.7788699166667, -76.7788699166667, 35.3331726666667, 35.3331726666667, 35.3809925, 35.3809925, 35.3331726666667))
"141",1957,list(c(-76.718262, -76.6576540833333, -76.6576540833333, -76.718262, -76.718262, 35.3331726666667, 35.3331726666667, 35.3809925, 35.3809925, 35.3331726666667))
"142",1958,list(c(-76.6576540833333, -76.5970461666667, -76.5970461666667, -76.6576540833333, -76.6576540833333, 35.3331726666667, 35.3331726666667, 35.3809925, 35.3809925, 35.3331726666667))
"143",1959,list(c(-76.5970461666667, -76.53643825, -76.53643825, -76.5970461666667, -76.5970461666667, 35.3331726666667, 35.3331726666667, 35.3809925, 35.3809925, 35.3331726666667))
"144",2012,list(c(-77.0213015833333, -76.9606936666667, -76.9606936666667, -77.0213015833333, -77.0213015833333, 35.3809925, 35.3809925, 35.4288123333333, 35.4288123333333, 35.3809925))
"145",2014,list(c(-76.90008575, -76.8394778333333, -76.8394778333333, -76.90008575, -76.90008575, 35.3809925, 35.3809925, 35.4288123333333, 35.4288123333333, 35.3809925))
"146",2015,list(c(-76.8394778333333, -76.7788699166667, -76.7788699166667, -76.8394778333333, -76.8394778333333, 35.3809925, 35.3809925, 35.4288123333333, 35.4288123333333, 35.3809925))
"147",2016,list(c(-76.7788699166667, -76.718262, -76.718262, -76.7788699166667, -76.7788699166667, 35.3809925, 35.3809925, 35.4288123333333, 35.4288123333333, 35.3809925))
"148",2017,list(c(-76.718262, -76.6576540833333, -76.6576540833333, -76.718262, -76.718262, 35.3809925, 35.3809925, 35.4288123333333, 35.4288123333333, 35.3809925))
"149",2018,list(c(-76.6576540833333, -76.5970461666667, -76.5970461666667, -76.6576540833333, -76.6576540833333, 35.3809925, 35.3809925, 35.4288123333333, 35.4288123333333, 35.3809925))
"150",2019,list(c(-76.5970461666667, -76.53643825, -76.53643825, -76.5970461666667, -76.5970461666667, 35.3809925, 35.3809925, 35.4288123333333, 35.4288123333333, 35.3809925))
"151",2072,list(c(-77.0213015833333, -76.9606936666667, -76.9606936666667, -77.0213015833333, -77.0213015833333, 35.4288123333333, 35.4288123333333, 35.4766321666667, 35.4766321666667, 35.4288123333333))
"152",2073,list(c(-76.9606936666667, -76.90008575, -76.90008575, -76.9606936666667, -76.9606936666667, 35.4288123333333, 35.4288123333333, 35.4766321666667, 35.4766321666667, 35.4288123333333))
"153",2074,list(c(-76.90008575, -76.8394778333333, -76.8394778333333, -76.90008575, -76.90008575, 35.4288123333333, 35.4288123333333, 35.4766321666667, 35.4766321666667, 35.4288123333333))
"154",2075,list(c(-76.8394778333333, -76.7788699166667, -76.7788699166667, -76.8394778333333, -76.8394778333333, 35.4288123333333, 35.4288123333333, 35.4766321666667, 35.4766321666667, 35.4288123333333))
"155",2077,list(c(-76.718262, -76.6576540833333, -76.6576540833333, -76.718262, -76.718262, 35.4288123333333, 35.4288123333333, 35.4766321666667, 35.4766321666667, 35.4288123333333))
"156",2078,list(c(-76.6576540833333, -76.5970461666667, -76.5970461666667, -76.6576540833333, -76.6576540833333, 35.4288123333333, 35.4288123333333, 35.4766321666667, 35.4766321666667, 35.4288123333333))
"157",2079,list(c(-76.5970461666667, -76.53643825, -76.53643825, -76.5970461666667, -76.5970461666667, 35.4288123333333, 35.4288123333333, 35.4766321666667, 35.4766321666667, 35.4288123333333))
"158",2131,list(c(-77.0819095, -77.0213015833333, -77.0213015833333, -77.0819095, -77.0819095, 35.4766321666667, 35.4766321666667, 35.524452, 35.524452, 35.4766321666667))
"159",2132,list(c(-77.0213015833333, -76.9606936666667, -76.9606936666667, -77.0213015833333, -77.0213015833333, 35.4766321666667, 35.4766321666667, 35.524452, 35.524452, 35.4766321666667))
"160",2133,list(c(-76.9606936666667, -76.90008575, -76.90008575, -76.9606936666667, -76.9606936666667, 35.4766321666667, 35.4766321666667, 35.524452, 35.524452, 35.4766321666667))
"161",2138,list(c(-76.6576540833333, -76.5970461666667, -76.5970461666667, -76.6576540833333, -76.6576540833333, 35.4766321666667, 35.4766321666667, 35.524452, 35.524452, 35.4766321666667))
"162",2139,list(c(-76.5970461666667, -76.53643825, -76.53643825, -76.5970461666667, -76.5970461666667, 35.4766321666667, 35.4766321666667, 35.524452, 35.524452, 35.4766321666667))
"163",2191,list(c(-77.0819095, -77.0213015833333, -77.0213015833333, -77.0819095, -77.0819095, 35.524452, 35.524452, 35.5722718333333, 35.5722718333333, 35.524452))
"164",2198,list(c(-76.6576540833333, -76.5970461666667, -76.5970461666667, -76.6576540833333, -76.6576540833333, 35.524452, 35.524452, 35.5722718333333, 35.5722718333333, 35.524452))
"165",2199,list(c(-76.5970461666667, -76.53643825, -76.53643825, -76.5970461666667, -76.5970461666667, 35.524452, 35.524452, 35.5722718333333, 35.5722718333333, 35.524452))
"166",2675,list(c(-76.8394778333333, -76.7788699166667, -76.7788699166667, -76.8394778333333, -76.8394778333333, 35.9070106666667, 35.9070106666667, 35.9548305, 35.9548305, 35.9070106666667))
"167",2737,list(c(-76.718262, -76.6576540833333, -76.6576540833333, -76.718262, -76.718262, 35.9548305, 35.9548305, 36.0026503333333, 36.0026503333333, 35.9548305))
"168",2793,list(c(-76.9606936666667, -76.90008575, -76.90008575, -76.9606936666667, -76.9606936666667, 36.0026503333333, 36.0026503333333, 36.0504701666667, 36.0504701666667, 36.0026503333333))
"169",129,list(c(-78.4152836666667, -78.35467575, -78.35467575, -78.4152836666667, -78.4152836666667, 33.8985776666667, 33.8985776666667, 33.9463975, 33.9463975, 33.8985776666667))
"170",189,list(c(-78.4152836666667, -78.35467575, -78.35467575, -78.4152836666667, -78.4152836666667, 33.9463975, 33.9463975, 33.9942173333333, 33.9942173333333, 33.9463975))
"171",556,list(c(-77.99102825, -77.9304203333333, -77.9304203333333, -77.99102825, -77.99102825, 34.2333165, 34.2333165, 34.2811363333333, 34.2811363333333, 34.2333165))
"172",706,list(c(-76.17279075, -76.1121828333333, -76.1121828333333, -76.17279075, -76.17279075, 34.3289561666667, 34.3289561666667, 34.376776, 34.376776, 34.3289561666667))
"173",802,list(c(-77.62738075, -77.5667728333333, -77.5667728333333, -77.62738075, -77.62738075, 34.4245958333333, 34.4245958333333, 34.4724156666667, 34.4724156666667, 34.4245958333333))
"174",864,list(c(-77.5061649166667, -77.445557, -77.445557, -77.5061649166667, -77.5061649166667, 34.4724156666667, 34.4724156666667, 34.5202355, 34.5202355, 34.4724156666667))
"175",865,list(c(-77.445557, -77.3849490833333, -77.3849490833333, -77.445557, -77.445557, 34.4724156666667, 34.4724156666667, 34.5202355, 34.5202355, 34.4724156666667))
"176",1181,list(c(-76.4758303333333, -76.4152224166667, -76.4152224166667, -76.4758303333333, -76.4758303333333, 34.7115148333333, 34.7115148333333, 34.7593346666667, 34.7593346666667, 34.7115148333333))
"177",1238,list(c(-76.6576540833333, -76.5970461666667, -76.5970461666667, -76.6576540833333, -76.6576540833333, 34.7593346666667, 34.7593346666667, 34.8071545, 34.8071545, 34.7593346666667))
"178",1241,list(c(-76.4758303333333, -76.4152224166667, -76.4152224166667, -76.4758303333333, -76.4758303333333, 34.7593346666667, 34.7593346666667, 34.8071545, 34.8071545, 34.7593346666667))
"179",1242,list(c(-76.4152224166667, -76.3546145, -76.3546145, -76.4152224166667, -76.4152224166667, 34.7593346666667, 34.7593346666667, 34.8071545, 34.8071545, 34.7593346666667))
"180",1298,list(c(-76.6576540833333, -76.5970461666667, -76.5970461666667, -76.6576540833333, -76.6576540833333, 34.8071545, 34.8071545, 34.8549743333333, 34.8549743333333, 34.8071545))
"181",1356,list(c(-76.7788699166667, -76.718262, -76.718262, -76.7788699166667, -76.7788699166667, 34.8549743333333, 34.8549743333333, 34.9027941666667, 34.9027941666667, 34.8549743333333))
"182",1419,list(c(-76.5970461666667, -76.53643825, -76.53643825, -76.5970461666667, -76.5970461666667, 34.9027941666667, 34.9027941666667, 34.950614, 34.950614, 34.9027941666667))
"183",1479,list(c(-76.5970461666667, -76.53643825, -76.53643825, -76.5970461666667, -76.5970461666667, 34.950614, 34.950614, 34.9984338333333, 34.9984338333333, 34.950614))
"184",1480,list(c(-76.53643825, -76.4758303333333, -76.4758303333333, -76.53643825, -76.53643825, 34.950614, 34.950614, 34.9984338333333, 34.9984338333333, 34.950614))
"185",1539,list(c(-76.5970461666667, -76.53643825, -76.53643825, -76.5970461666667, -76.5970461666667, 34.9984338333333, 34.9984338333333, 35.0462536666667, 35.0462536666667, 34.9984338333333))
"186",1540,list(c(-76.53643825, -76.4758303333333, -76.4758303333333, -76.53643825, -76.53643825, 34.9984338333333, 34.9984338333333, 35.0462536666667, 35.0462536666667, 34.9984338333333))
"187",1545,list(c(-76.2333986666667, -76.17279075, -76.17279075, -76.2333986666667, -76.2333986666667, 34.9984338333333, 34.9984338333333, 35.0462536666667, 35.0462536666667, 34.9984338333333))
"188",1597,list(c(-76.718262, -76.6576540833333, -76.6576540833333, -76.718262, -76.718262, 35.0462536666667, 35.0462536666667, 35.0940735, 35.0940735, 35.0462536666667))
"189",1599,list(c(-76.5970461666667, -76.53643825, -76.53643825, -76.5970461666667, -76.5970461666667, 35.0462536666667, 35.0462536666667, 35.0940735, 35.0940735, 35.0462536666667))
"190",1600,list(c(-76.53643825, -76.4758303333333, -76.4758303333333, -76.53643825, -76.53643825, 35.0462536666667, 35.0462536666667, 35.0940735, 35.0940735, 35.0462536666667))
"191",1602,list(c(-76.4152224166667, -76.3546145, -76.3546145, -76.4152224166667, -76.4152224166667, 35.0462536666667, 35.0462536666667, 35.0940735, 35.0940735, 35.0462536666667))
"192",1603,list(c(-76.3546145, -76.2940065833333, -76.2940065833333, -76.3546145, -76.3546145, 35.0462536666667, 35.0462536666667, 35.0940735, 35.0940735, 35.0462536666667))
"193",1604,list(c(-76.2940065833333, -76.2333986666667, -76.2333986666667, -76.2940065833333, -76.2940065833333, 35.0462536666667, 35.0462536666667, 35.0940735, 35.0940735, 35.0462536666667))
"194",1605,list(c(-76.2333986666667, -76.17279075, -76.17279075, -76.2333986666667, -76.2333986666667, 35.0462536666667, 35.0462536666667, 35.0940735, 35.0940735, 35.0462536666667))
"195",1659,list(c(-76.5970461666667, -76.53643825, -76.53643825, -76.5970461666667, -76.5970461666667, 35.0940735, 35.0940735, 35.1418933333333, 35.1418933333333, 35.0940735))
"196",1660,list(c(-76.53643825, -76.4758303333333, -76.4758303333333, -76.53643825, -76.53643825, 35.0940735, 35.0940735, 35.1418933333333, 35.1418933333333, 35.0940735))
"197",1661,list(c(-76.4758303333333, -76.4152224166667, -76.4152224166667, -76.4758303333333, -76.4758303333333, 35.0940735, 35.0940735, 35.1418933333333, 35.1418933333333, 35.0940735))
"198",1662,list(c(-76.4152224166667, -76.3546145, -76.3546145, -76.4152224166667, -76.4152224166667, 35.0940735, 35.0940735, 35.1418933333333, 35.1418933333333, 35.0940735))
"199",1663,list(c(-76.3546145, -76.2940065833333, -76.2940065833333, -76.3546145, -76.3546145, 35.0940735, 35.0940735, 35.1418933333333, 35.1418933333333, 35.0940735))
"200",1664,list(c(-76.2940065833333, -76.2333986666667, -76.2333986666667, -76.2940065833333, -76.2940065833333, 35.0940735, 35.0940735, 35.1418933333333, 35.1418933333333, 35.0940735))
"201",1665,list(c(-76.2333986666667, -76.17279075, -76.17279075, -76.2333986666667, -76.2333986666667, 35.0940735, 35.0940735, 35.1418933333333, 35.1418933333333, 35.0940735))
"202",1666,list(c(-76.17279075, -76.1121828333333, -76.1121828333333, -76.17279075, -76.17279075, 35.0940735, 35.0940735, 35.1418933333333, 35.1418933333333, 35.0940735))
"203",1717,list(c(-76.718262, -76.6576540833333, -76.6576540833333, -76.718262, -76.718262, 35.1418933333333, 35.1418933333333, 35.1897131666667, 35.1897131666667, 35.1418933333333))
"204",1718,list(c(-76.6576540833333, -76.5970461666667, -76.5970461666667, -76.6576540833333, -76.6576540833333, 35.1418933333333, 35.1418933333333, 35.1897131666667, 35.1897131666667, 35.1418933333333))
"205",1719,list(c(-76.5970461666667, -76.53643825, -76.53643825, -76.5970461666667, -76.5970461666667, 35.1418933333333, 35.1418933333333, 35.1897131666667, 35.1897131666667, 35.1418933333333))
"206",1720,list(c(-76.53643825, -76.4758303333333, -76.4758303333333, -76.53643825, -76.53643825, 35.1418933333333, 35.1418933333333, 35.1897131666667, 35.1897131666667, 35.1418933333333))
"207",1721,list(c(-76.4758303333333, -76.4152224166667, -76.4152224166667, -76.4758303333333, -76.4758303333333, 35.1418933333333, 35.1418933333333, 35.1897131666667, 35.1897131666667, 35.1418933333333))
"208",1722,list(c(-76.4152224166667, -76.3546145, -76.3546145, -76.4152224166667, -76.4152224166667, 35.1418933333333, 35.1418933333333, 35.1897131666667, 35.1897131666667, 35.1418933333333))
"209",1723,list(c(-76.3546145, -76.2940065833333, -76.2940065833333, -76.3546145, -76.3546145, 35.1418933333333, 35.1418933333333, 35.1897131666667, 35.1897131666667, 35.1418933333333))
"210",1724,list(c(-76.2940065833333, -76.2333986666667, -76.2333986666667, -76.2940065833333, -76.2940065833333, 35.1418933333333, 35.1418933333333, 35.1897131666667, 35.1897131666667, 35.1418933333333))
"211",1725,list(c(-76.2333986666667, -76.17279075, -76.17279075, -76.2333986666667, -76.2333986666667, 35.1418933333333, 35.1418933333333, 35.1897131666667, 35.1897131666667, 35.1418933333333))
"212",1726,list(c(-76.17279075, -76.1121828333333, -76.1121828333333, -76.17279075, -76.17279075, 35.1418933333333, 35.1418933333333, 35.1897131666667, 35.1897131666667, 35.1418933333333))
"213",1727,list(c(-76.1121828333333, -76.0515749166667, -76.0515749166667, -76.1121828333333, -76.1121828333333, 35.1418933333333, 35.1418933333333, 35.1897131666667, 35.1897131666667, 35.1418933333333))
"214",1778,list(c(-76.6576540833333, -76.5970461666667, -76.5970461666667, -76.6576540833333, -76.6576540833333, 35.1897131666667, 35.1897131666667, 35.237533, 35.237533, 35.1897131666667))
"215",1779,list(c(-76.5970461666667, -76.53643825, -76.53643825, -76.5970461666667, -76.5970461666667, 35.1897131666667, 35.1897131666667, 35.237533, 35.237533, 35.1897131666667))
"216",1782,list(c(-76.4152224166667, -76.3546145, -76.3546145, -76.4152224166667, -76.4152224166667, 35.1897131666667, 35.1897131666667, 35.237533, 35.237533, 35.1897131666667))
"217",1783,list(c(-76.3546145, -76.2940065833333, -76.2940065833333, -76.3546145, -76.3546145, 35.1897131666667, 35.1897131666667, 35.237533, 35.237533, 35.1897131666667))
"218",1784,list(c(-76.2940065833333, -76.2333986666667, -76.2333986666667, -76.2940065833333, -76.2940065833333, 35.1897131666667, 35.1897131666667, 35.237533, 35.237533, 35.1897131666667))
"219",1785,list(c(-76.2333986666667, -76.17279075, -76.17279075, -76.2333986666667, -76.2333986666667, 35.1897131666667, 35.1897131666667, 35.237533, 35.237533, 35.1897131666667))
"220",1786,list(c(-76.17279075, -76.1121828333333, -76.1121828333333, -76.17279075, -76.17279075, 35.1897131666667, 35.1897131666667, 35.237533, 35.237533, 35.1897131666667))
"221",1787,list(c(-76.1121828333333, -76.0515749166667, -76.0515749166667, -76.1121828333333, -76.1121828333333, 35.1897131666667, 35.1897131666667, 35.237533, 35.237533, 35.1897131666667))
"222",1788,list(c(-76.0515749166667, -75.990967, -75.990967, -76.0515749166667, -76.0515749166667, 35.1897131666667, 35.1897131666667, 35.237533, 35.237533, 35.1897131666667))
"223",1789,list(c(-75.990967, -75.9303590833333, -75.9303590833333, -75.990967, -75.990967, 35.1897131666667, 35.1897131666667, 35.237533, 35.237533, 35.1897131666667))
"224",1790,list(c(-75.9303590833333, -75.8697511666667, -75.8697511666667, -75.9303590833333, -75.9303590833333, 35.1897131666667, 35.1897131666667, 35.237533, 35.237533, 35.1897131666667))
"225",1839,list(c(-76.5970461666667, -76.53643825, -76.53643825, -76.5970461666667, -76.5970461666667, 35.237533, 35.237533, 35.2853528333333, 35.2853528333333, 35.237533))
"226",1840,list(c(-76.53643825, -76.4758303333333, -76.4758303333333, -76.53643825, -76.53643825, 35.237533, 35.237533, 35.2853528333333, 35.2853528333333, 35.237533))
"227",1841,list(c(-76.4758303333333, -76.4152224166667, -76.4152224166667, -76.4758303333333, -76.4758303333333, 35.237533, 35.237533, 35.2853528333333, 35.2853528333333, 35.237533))
"228",1842,list(c(-76.4152224166667, -76.3546145, -76.3546145, -76.4152224166667, -76.4152224166667, 35.237533, 35.237533, 35.2853528333333, 35.2853528333333, 35.237533))
"229",1843,list(c(-76.3546145, -76.2940065833333, -76.2940065833333, -76.3546145, -76.3546145, 35.237533, 35.237533, 35.2853528333333, 35.2853528333333, 35.237533))
"230",1844,list(c(-76.2940065833333, -76.2333986666667, -76.2333986666667, -76.2940065833333, -76.2940065833333, 35.237533, 35.237533, 35.2853528333333, 35.2853528333333, 35.237533))
"231",1845,list(c(-76.2333986666667, -76.17279075, -76.17279075, -76.2333986666667, -76.2333986666667, 35.237533, 35.237533, 35.2853528333333, 35.2853528333333, 35.237533))
"232",1846,list(c(-76.17279075, -76.1121828333333, -76.1121828333333, -76.17279075, -76.17279075, 35.237533, 35.237533, 35.2853528333333, 35.2853528333333, 35.237533))
"233",1847,list(c(-76.1121828333333, -76.0515749166667, -76.0515749166667, -76.1121828333333, -76.1121828333333, 35.237533, 35.237533, 35.2853528333333, 35.2853528333333, 35.237533))
"234",1848,list(c(-76.0515749166667, -75.990967, -75.990967, -76.0515749166667, -76.0515749166667, 35.237533, 35.237533, 35.2853528333333, 35.2853528333333, 35.237533))
"235",1849,list(c(-75.990967, -75.9303590833333, -75.9303590833333, -75.990967, -75.990967, 35.237533, 35.237533, 35.2853528333333, 35.2853528333333, 35.237533))
"236",1850,list(c(-75.9303590833333, -75.8697511666667, -75.8697511666667, -75.9303590833333, -75.9303590833333, 35.237533, 35.237533, 35.2853528333333, 35.2853528333333, 35.237533))
"237",1851,list(c(-75.8697511666667, -75.80914325, -75.80914325, -75.8697511666667, -75.8697511666667, 35.237533, 35.237533, 35.2853528333333, 35.2853528333333, 35.237533))
"238",1895,list(c(-76.8394778333333, -76.7788699166667, -76.7788699166667, -76.8394778333333, -76.8394778333333, 35.2853528333333, 35.2853528333333, 35.3331726666667, 35.3331726666667, 35.2853528333333))
"239",1897,list(c(-76.718262, -76.6576540833333, -76.6576540833333, -76.718262, -76.718262, 35.2853528333333, 35.2853528333333, 35.3331726666667, 35.3331726666667, 35.2853528333333))
"240",1898,list(c(-76.6576540833333, -76.5970461666667, -76.5970461666667, -76.6576540833333, -76.6576540833333, 35.2853528333333, 35.2853528333333, 35.3331726666667, 35.3331726666667, 35.2853528333333))
"241",1900,list(c(-76.53643825, -76.4758303333333, -76.4758303333333, -76.53643825, -76.53643825, 35.2853528333333, 35.2853528333333, 35.3331726666667, 35.3331726666667, 35.2853528333333))
"242",1901,list(c(-76.4758303333333, -76.4152224166667, -76.4152224166667, -76.4758303333333, -76.4758303333333, 35.2853528333333, 35.2853528333333, 35.3331726666667, 35.3331726666667, 35.2853528333333))
"243",1902,list(c(-76.4152224166667, -76.3546145, -76.3546145, -76.4152224166667, -76.4152224166667, 35.2853528333333, 35.2853528333333, 35.3331726666667, 35.3331726666667, 35.2853528333333))
"244",1903,list(c(-76.3546145, -76.2940065833333, -76.2940065833333, -76.3546145, -76.3546145, 35.2853528333333, 35.2853528333333, 35.3331726666667, 35.3331726666667, 35.2853528333333))
"245",1904,list(c(-76.2940065833333, -76.2333986666667, -76.2333986666667, -76.2940065833333, -76.2940065833333, 35.2853528333333, 35.2853528333333, 35.3331726666667, 35.3331726666667, 35.2853528333333))
"246",1905,list(c(-76.2333986666667, -76.17279075, -76.17279075, -76.2333986666667, -76.2333986666667, 35.2853528333333, 35.2853528333333, 35.3331726666667, 35.3331726666667, 35.2853528333333))
"247",1906,list(c(-76.17279075, -76.1121828333333, -76.1121828333333, -76.17279075, -76.17279075, 35.2853528333333, 35.2853528333333, 35.3331726666667, 35.3331726666667, 35.2853528333333))
"248",1907,list(c(-76.1121828333333, -76.0515749166667, -76.0515749166667, -76.1121828333333, -76.1121828333333, 35.2853528333333, 35.2853528333333, 35.3331726666667, 35.3331726666667, 35.2853528333333))
"249",1908,list(c(-76.0515749166667, -75.990967, -75.990967, -76.0515749166667, -76.0515749166667, 35.2853528333333, 35.2853528333333, 35.3331726666667, 35.3331726666667, 35.2853528333333))
"250",1909,list(c(-75.990967, -75.9303590833333, -75.9303590833333, -75.990967, -75.990967, 35.2853528333333, 35.2853528333333, 35.3331726666667, 35.3331726666667, 35.2853528333333))
"251",1910,list(c(-75.9303590833333, -75.8697511666667, -75.8697511666667, -75.9303590833333, -75.9303590833333, 35.2853528333333, 35.2853528333333, 35.3331726666667, 35.3331726666667, 35.2853528333333))
"252",1911,list(c(-75.8697511666667, -75.80914325, -75.80914325, -75.8697511666667, -75.8697511666667, 35.2853528333333, 35.2853528333333, 35.3331726666667, 35.3331726666667, 35.2853528333333))
"253",1912,list(c(-75.80914325, -75.7485353333333, -75.7485353333333, -75.80914325, -75.80914325, 35.2853528333333, 35.2853528333333, 35.3331726666667, 35.3331726666667, 35.2853528333333))
"254",1955,list(c(-76.8394778333333, -76.7788699166667, -76.7788699166667, -76.8394778333333, -76.8394778333333, 35.3331726666667, 35.3331726666667, 35.3809925, 35.3809925, 35.3331726666667))
"255",1960,list(c(-76.53643825, -76.4758303333333, -76.4758303333333, -76.53643825, -76.53643825, 35.3331726666667, 35.3331726666667, 35.3809925, 35.3809925, 35.3331726666667))
"256",1961,list(c(-76.4758303333333, -76.4152224166667, -76.4152224166667, -76.4758303333333, -76.4758303333333, 35.3331726666667, 35.3331726666667, 35.3809925, 35.3809925, 35.3331726666667))
"257",1962,list(c(-76.4152224166667, -76.3546145, -76.3546145, -76.4152224166667, -76.4152224166667, 35.3331726666667, 35.3331726666667, 35.3809925, 35.3809925, 35.3331726666667))
"258",1963,list(c(-76.3546145, -76.2940065833333, -76.2940065833333, -76.3546145, -76.3546145, 35.3331726666667, 35.3331726666667, 35.3809925, 35.3809925, 35.3331726666667))
"259",1964,list(c(-76.2940065833333, -76.2333986666667, -76.2333986666667, -76.2940065833333, -76.2940065833333, 35.3331726666667, 35.3331726666667, 35.3809925, 35.3809925, 35.3331726666667))
"260",1965,list(c(-76.2333986666667, -76.17279075, -76.17279075, -76.2333986666667, -76.2333986666667, 35.3331726666667, 35.3331726666667, 35.3809925, 35.3809925, 35.3331726666667))
"261",1966,list(c(-76.17279075, -76.1121828333333, -76.1121828333333, -76.17279075, -76.17279075, 35.3331726666667, 35.3331726666667, 35.3809925, 35.3809925, 35.3331726666667))
"262",1967,list(c(-76.1121828333333, -76.0515749166667, -76.0515749166667, -76.1121828333333, -76.1121828333333, 35.3331726666667, 35.3331726666667, 35.3809925, 35.3809925, 35.3331726666667))
"263",1968,list(c(-76.0515749166667, -75.990967, -75.990967, -76.0515749166667, -76.0515749166667, 35.3331726666667, 35.3331726666667, 35.3809925, 35.3809925, 35.3331726666667))
"264",1969,list(c(-75.990967, -75.9303590833333, -75.9303590833333, -75.990967, -75.990967, 35.3331726666667, 35.3331726666667, 35.3809925, 35.3809925, 35.3331726666667))
"265",1970,list(c(-75.9303590833333, -75.8697511666667, -75.8697511666667, -75.9303590833333, -75.9303590833333, 35.3331726666667, 35.3331726666667, 35.3809925, 35.3809925, 35.3331726666667))
"266",1971,list(c(-75.8697511666667, -75.80914325, -75.80914325, -75.8697511666667, -75.8697511666667, 35.3331726666667, 35.3331726666667, 35.3809925, 35.3809925, 35.3331726666667))
"267",1972,list(c(-75.80914325, -75.7485353333333, -75.7485353333333, -75.80914325, -75.80914325, 35.3331726666667, 35.3331726666667, 35.3809925, 35.3809925, 35.3331726666667))
"268",1973,list(c(-75.7485353333333, -75.6879274166667, -75.6879274166667, -75.7485353333333, -75.7485353333333, 35.3331726666667, 35.3331726666667, 35.3809925, 35.3809925, 35.3331726666667))
"269",1974,list(c(-75.6879274166667, -75.6273195, -75.6273195, -75.6879274166667, -75.6879274166667, 35.3331726666667, 35.3331726666667, 35.3809925, 35.3809925, 35.3331726666667))
"270",2020,list(c(-76.53643825, -76.4758303333333, -76.4758303333333, -76.53643825, -76.53643825, 35.3809925, 35.3809925, 35.4288123333333, 35.4288123333333, 35.3809925))
"271",2021,list(c(-76.4758303333333, -76.4152224166667, -76.4152224166667, -76.4758303333333, -76.4758303333333, 35.3809925, 35.3809925, 35.4288123333333, 35.4288123333333, 35.3809925))
"272",2022,list(c(-76.4152224166667, -76.3546145, -76.3546145, -76.4152224166667, -76.4152224166667, 35.3809925, 35.3809925, 35.4288123333333, 35.4288123333333, 35.3809925))
"273",2023,list(c(-76.3546145, -76.2940065833333, -76.2940065833333, -76.3546145, -76.3546145, 35.3809925, 35.3809925, 35.4288123333333, 35.4288123333333, 35.3809925))
"274",2024,list(c(-76.2940065833333, -76.2333986666667, -76.2333986666667, -76.2940065833333, -76.2940065833333, 35.3809925, 35.3809925, 35.4288123333333, 35.4288123333333, 35.3809925))
"275",2027,list(c(-76.1121828333333, -76.0515749166667, -76.0515749166667, -76.1121828333333, -76.1121828333333, 35.3809925, 35.3809925, 35.4288123333333, 35.4288123333333, 35.3809925))
"276",2028,list(c(-76.0515749166667, -75.990967, -75.990967, -76.0515749166667, -76.0515749166667, 35.3809925, 35.3809925, 35.4288123333333, 35.4288123333333, 35.3809925))
"277",2029,list(c(-75.990967, -75.9303590833333, -75.9303590833333, -75.990967, -75.990967, 35.3809925, 35.3809925, 35.4288123333333, 35.4288123333333, 35.3809925))
"278",2030,list(c(-75.9303590833333, -75.8697511666667, -75.8697511666667, -75.9303590833333, -75.9303590833333, 35.3809925, 35.3809925, 35.4288123333333, 35.4288123333333, 35.3809925))
"279",2031,list(c(-75.8697511666667, -75.80914325, -75.80914325, -75.8697511666667, -75.8697511666667, 35.3809925, 35.3809925, 35.4288123333333, 35.4288123333333, 35.3809925))
"280",2032,list(c(-75.80914325, -75.7485353333333, -75.7485353333333, -75.80914325, -75.80914325, 35.3809925, 35.3809925, 35.4288123333333, 35.4288123333333, 35.3809925))
"281",2033,list(c(-75.7485353333333, -75.6879274166667, -75.6879274166667, -75.7485353333333, -75.7485353333333, 35.3809925, 35.3809925, 35.4288123333333, 35.4288123333333, 35.3809925))
"282",2034,list(c(-75.6879274166667, -75.6273195, -75.6273195, -75.6879274166667, -75.6879274166667, 35.3809925, 35.3809925, 35.4288123333333, 35.4288123333333, 35.3809925))
"283",2035,list(c(-75.6273195, -75.5667115833333, -75.5667115833333, -75.6273195, -75.6273195, 35.3809925, 35.3809925, 35.4288123333333, 35.4288123333333, 35.3809925))
"284",2071,list(c(-77.0819095, -77.0213015833333, -77.0213015833333, -77.0819095, -77.0819095, 35.4288123333333, 35.4288123333333, 35.4766321666667, 35.4766321666667, 35.4288123333333))
"285",2080,list(c(-76.53643825, -76.4758303333333, -76.4758303333333, -76.53643825, -76.53643825, 35.4288123333333, 35.4288123333333, 35.4766321666667, 35.4766321666667, 35.4288123333333))
"286",2081,list(c(-76.4758303333333, -76.4152224166667, -76.4152224166667, -76.4758303333333, -76.4758303333333, 35.4288123333333, 35.4288123333333, 35.4766321666667, 35.4766321666667, 35.4288123333333))
"287",2082,list(c(-76.4152224166667, -76.3546145, -76.3546145, -76.4152224166667, -76.4152224166667, 35.4288123333333, 35.4288123333333, 35.4766321666667, 35.4766321666667, 35.4288123333333))
"288",2087,list(c(-76.1121828333333, -76.0515749166667, -76.0515749166667, -76.1121828333333, -76.1121828333333, 35.4288123333333, 35.4288123333333, 35.4766321666667, 35.4766321666667, 35.4288123333333))
"289",2088,list(c(-76.0515749166667, -75.990967, -75.990967, -76.0515749166667, -76.0515749166667, 35.4288123333333, 35.4288123333333, 35.4766321666667, 35.4766321666667, 35.4288123333333))
"290",2089,list(c(-75.990967, -75.9303590833333, -75.9303590833333, -75.990967, -75.990967, 35.4288123333333, 35.4288123333333, 35.4766321666667, 35.4766321666667, 35.4288123333333))
"291",2090,list(c(-75.9303590833333, -75.8697511666667, -75.8697511666667, -75.9303590833333, -75.9303590833333, 35.4288123333333, 35.4288123333333, 35.4766321666667, 35.4766321666667, 35.4288123333333))
"292",2091,list(c(-75.8697511666667, -75.80914325, -75.80914325, -75.8697511666667, -75.8697511666667, 35.4288123333333, 35.4288123333333, 35.4766321666667, 35.4766321666667, 35.4288123333333))
"293",2092,list(c(-75.80914325, -75.7485353333333, -75.7485353333333, -75.80914325, -75.80914325, 35.4288123333333, 35.4288123333333, 35.4766321666667, 35.4766321666667, 35.4288123333333))
"294",2093,list(c(-75.7485353333333, -75.6879274166667, -75.6879274166667, -75.7485353333333, -75.7485353333333, 35.4288123333333, 35.4288123333333, 35.4766321666667, 35.4766321666667, 35.4288123333333))
"295",2094,list(c(-75.6879274166667, -75.6273195, -75.6273195, -75.6879274166667, -75.6879274166667, 35.4288123333333, 35.4288123333333, 35.4766321666667, 35.4766321666667, 35.4288123333333))
"296",2095,list(c(-75.6273195, -75.5667115833333, -75.5667115833333, -75.6273195, -75.6273195, 35.4288123333333, 35.4288123333333, 35.4766321666667, 35.4766321666667, 35.4288123333333))
"297",2140,list(c(-76.53643825, -76.4758303333333, -76.4758303333333, -76.53643825, -76.53643825, 35.4766321666667, 35.4766321666667, 35.524452, 35.524452, 35.4766321666667))
"298",2148,list(c(-76.0515749166667, -75.990967, -75.990967, -76.0515749166667, -76.0515749166667, 35.4766321666667, 35.4766321666667, 35.524452, 35.524452, 35.4766321666667))
"299",2149,list(c(-75.990967, -75.9303590833333, -75.9303590833333, -75.990967, -75.990967, 35.4766321666667, 35.4766321666667, 35.524452, 35.524452, 35.4766321666667))
"300",2150,list(c(-75.9303590833333, -75.8697511666667, -75.8697511666667, -75.9303590833333, -75.9303590833333, 35.4766321666667, 35.4766321666667, 35.524452, 35.524452, 35.4766321666667))
"301",2151,list(c(-75.8697511666667, -75.80914325, -75.80914325, -75.8697511666667, -75.8697511666667, 35.4766321666667, 35.4766321666667, 35.524452, 35.524452, 35.4766321666667))
"302",2152,list(c(-75.80914325, -75.7485353333333, -75.7485353333333, -75.80914325, -75.80914325, 35.4766321666667, 35.4766321666667, 35.524452, 35.524452, 35.4766321666667))
"303",2153,list(c(-75.7485353333333, -75.6879274166667, -75.6879274166667, -75.7485353333333, -75.7485353333333, 35.4766321666667, 35.4766321666667, 35.524452, 35.524452, 35.4766321666667))
"304",2154,list(c(-75.6879274166667, -75.6273195, -75.6273195, -75.6879274166667, -75.6879274166667, 35.4766321666667, 35.4766321666667, 35.524452, 35.524452, 35.4766321666667))
"305",2155,list(c(-75.6273195, -75.5667115833333, -75.5667115833333, -75.6273195, -75.6273195, 35.4766321666667, 35.4766321666667, 35.524452, 35.524452, 35.4766321666667))
"306",2165,list(c(-78.6577153333333, -78.5971074166667, -78.5971074166667, -78.6577153333333, -78.6577153333333, 35.524452, 35.524452, 35.5722718333333, 35.5722718333333, 35.524452))
"307",2209,list(c(-75.990967, -75.9303590833333, -75.9303590833333, -75.990967, -75.990967, 35.524452, 35.524452, 35.5722718333333, 35.5722718333333, 35.524452))
"308",2210,list(c(-75.9303590833333, -75.8697511666667, -75.8697511666667, -75.9303590833333, -75.9303590833333, 35.524452, 35.524452, 35.5722718333333, 35.5722718333333, 35.524452))
"309",2211,list(c(-75.8697511666667, -75.80914325, -75.80914325, -75.8697511666667, -75.8697511666667, 35.524452, 35.524452, 35.5722718333333, 35.5722718333333, 35.524452))
"310",2212,list(c(-75.80914325, -75.7485353333333, -75.7485353333333, -75.80914325, -75.80914325, 35.524452, 35.524452, 35.5722718333333, 35.5722718333333, 35.524452))
"311",2213,list(c(-75.7485353333333, -75.6879274166667, -75.6879274166667, -75.7485353333333, -75.7485353333333, 35.524452, 35.524452, 35.5722718333333, 35.5722718333333, 35.524452))
"312",2214,list(c(-75.6879274166667, -75.6273195, -75.6273195, -75.6879274166667, -75.6879274166667, 35.524452, 35.524452, 35.5722718333333, 35.5722718333333, 35.524452))
"313",2215,list(c(-75.6273195, -75.5667115833333, -75.5667115833333, -75.6273195, -75.6273195, 35.524452, 35.524452, 35.5722718333333, 35.5722718333333, 35.524452))
"314",2270,list(c(-75.9303590833333, -75.8697511666667, -75.8697511666667, -75.9303590833333, -75.9303590833333, 35.5722718333333, 35.5722718333333, 35.6200916666667, 35.6200916666667, 35.5722718333333))
"315",2271,list(c(-75.8697511666667, -75.80914325, -75.80914325, -75.8697511666667, -75.8697511666667, 35.5722718333333, 35.5722718333333, 35.6200916666667, 35.6200916666667, 35.5722718333333))
"316",2272,list(c(-75.80914325, -75.7485353333333, -75.7485353333333, -75.80914325, -75.80914325, 35.5722718333333, 35.5722718333333, 35.6200916666667, 35.6200916666667, 35.5722718333333))
"317",2273,list(c(-75.7485353333333, -75.6879274166667, -75.6879274166667, -75.7485353333333, -75.7485353333333, 35.5722718333333, 35.5722718333333, 35.6200916666667, 35.6200916666667, 35.5722718333333))
"318",2274,list(c(-75.6879274166667, -75.6273195, -75.6273195, -75.6879274166667, -75.6879274166667, 35.5722718333333, 35.5722718333333, 35.6200916666667, 35.6200916666667, 35.5722718333333))
"319",2275,list(c(-75.6273195, -75.5667115833333, -75.5667115833333, -75.6273195, -75.6273195, 35.5722718333333, 35.5722718333333, 35.6200916666667, 35.6200916666667, 35.5722718333333))
"320",2330,list(c(-75.9303590833333, -75.8697511666667, -75.8697511666667, -75.9303590833333, -75.9303590833333, 35.6200916666667, 35.6200916666667, 35.6679115, 35.6679115, 35.6200916666667))
"321",2331,list(c(-75.8697511666667, -75.80914325, -75.80914325, -75.8697511666667, -75.8697511666667, 35.6200916666667, 35.6200916666667, 35.6679115, 35.6679115, 35.6200916666667))
"322",2332,list(c(-75.80914325, -75.7485353333333, -75.7485353333333, -75.80914325, -75.80914325, 35.6200916666667, 35.6200916666667, 35.6679115, 35.6679115, 35.6200916666667))
"323",2333,list(c(-75.7485353333333, -75.6879274166667, -75.6879274166667, -75.7485353333333, -75.7485353333333, 35.6200916666667, 35.6200916666667, 35.6679115, 35.6679115, 35.6200916666667))
"324",2334,list(c(-75.6879274166667, -75.6273195, -75.6273195, -75.6879274166667, -75.6879274166667, 35.6200916666667, 35.6200916666667, 35.6679115, 35.6679115, 35.6200916666667))
"325",2392,list(c(-75.80914325, -75.7485353333333, -75.7485353333333, -75.80914325, -75.80914325, 35.6679115, 35.6679115, 35.7157313333333, 35.7157313333333, 35.6679115))
"326",2393,list(c(-75.7485353333333, -75.6879274166667, -75.6879274166667, -75.7485353333333, -75.7485353333333, 35.6679115, 35.6679115, 35.7157313333333, 35.7157313333333, 35.6679115))
"327",2394,list(c(-75.6879274166667, -75.6273195, -75.6273195, -75.6879274166667, -75.6879274166667, 35.6679115, 35.6679115, 35.7157313333333, 35.7157313333333, 35.6679115))
"328",2453,list(c(-75.7485353333333, -75.6879274166667, -75.6879274166667, -75.7485353333333, -75.7485353333333, 35.7157313333333, 35.7157313333333, 35.7635511666667, 35.7635511666667, 35.7157313333333))
"329",2513,list(c(-75.7485353333333, -75.6879274166667, -75.6879274166667, -75.7485353333333, -75.7485353333333, 35.7635511666667, 35.7635511666667, 35.811371, 35.811371, 35.7635511666667))
"330",2514,list(c(-75.6879274166667, -75.6273195, -75.6273195, -75.6879274166667, -75.6879274166667, 35.7635511666667, 35.7635511666667, 35.811371, 35.811371, 35.7635511666667))
"331",2573,list(c(-75.7485353333333, -75.6879274166667, -75.6879274166667, -75.7485353333333, -75.7485353333333, 35.811371, 35.811371, 35.8591908333333, 35.8591908333333, 35.811371))
"332",2632,list(c(-75.80914325, -75.7485353333333, -75.7485353333333, -75.80914325, -75.80914325, 35.8591908333333, 35.8591908333333, 35.9070106666667, 35.9070106666667, 35.8591908333333))
"333",2633,list(c(-75.7485353333333, -75.6879274166667, -75.6879274166667, -75.7485353333333, -75.7485353333333, 35.8591908333333, 35.8591908333333, 35.9070106666667, 35.9070106666667, 35.8591908333333))
"334",2634,list(c(-75.6879274166667, -75.6273195, -75.6273195, -75.6879274166667, -75.6879274166667, 35.8591908333333, 35.8591908333333, 35.9070106666667, 35.9070106666667, 35.8591908333333))
"335",2691,list(c(-75.8697511666667, -75.80914325, -75.80914325, -75.8697511666667, -75.8697511666667, 35.9070106666667, 35.9070106666667, 35.9548305, 35.9548305, 35.9070106666667))
"336",2692,list(c(-75.80914325, -75.7485353333333, -75.7485353333333, -75.80914325, -75.80914325, 35.9070106666667, 35.9070106666667, 35.9548305, 35.9548305, 35.9070106666667))
"337",2694,list(c(-75.6879274166667, -75.6273195, -75.6273195, -75.6879274166667, -75.6879274166667, 35.9070106666667, 35.9070106666667, 35.9548305, 35.9548305, 35.9070106666667))
"338",2754,list(c(-75.6879274166667, -75.6273195, -75.6273195, -75.6879274166667, -75.6879274166667, 35.9548305, 35.9548305, 36.0026503333333, 36.0026503333333, 35.9548305))
"339",2813,list(c(-75.7485353333333, -75.6879274166667, -75.6879274166667, -75.7485353333333, -75.7485353333333, 36.0026503333333, 36.0026503333333, 36.0504701666667, 36.0504701666667, 36.0026503333333))
"340",3530,list(c(-75.9303590833333, -75.8697511666667, -75.8697511666667, -75.9303590833333, -75.9303590833333, 36.5764883333333, 36.5764883333333, 36.6243081666667, 36.6243081666667, 36.5764883333333))
