"","lat_lon","gridID"
"6","33.88472_-77.98361",76
"1377","33.917_-78.36",129
"1379","33.934_-78.362",129
"5","33.9125_-78.00417",135
"40","33.89972_-78.02528",135
"33","33.91361_-77.975",136
"1378","33.972_-78.379",189
"1380","33.956_-78.364",189
"2","33.96972_-77.955",196
"22","33.95722_-77.96833",196
"36","33.96639_-77.93639",196
"39","33.94833_-77.94861",196
"42","33.98889_-77.92722",197
"1375","33.982_-77.922",197
"11","33.99778_-77.93167",256
"26","33.99639_-77.93333",256
"37","34.00472_-77.93083",256
"12","34.01528_-77.91889",257
"16","33.99833_-77.92056",257
"17","34.01917_-77.92833",257
"23","34.02_-77.93",257
"29","34.00833_-77.91722",257
"4","34.05417_-77.94222",316
"27","34.07472_-77.94083",316
"31","34.07194_-77.93139",316
"32","34.05028_-77.94361",316
"35","34.07361_-77.94139",316
"43","34.06722_-77.94139",316
"45","34.04417_-77.93639",316
"1","34.08972_-77.92556",317
"14","34.04556_-77.92222",317
"25","34.0875_-77.92333",317
"28","34.06056_-77.92056",317
"9","34.1125_-77.94167",376
"13","34.10333_-77.94806",376
"15","34.12778_-77.94389",376
"20","34.12528_-77.95222",376
"44","34.10083_-77.93278",376
"46","34.09806_-77.94028",376
"1374","34.129_-77.95",376
"3","34.12417_-77.92583",377
"10","34.09167_-77.925",377
"24","34.12722_-77.92583",377
"41","34.09333_-77.92583",377
"1376","34.124_-77.929",377
"7","34.15528_-77.94417",436
"8","34.155_-77.96528",436
"18","34.15611_-77.96583",436
"19","34.16056_-77.9525",436
"21","34.15611_-77.96444",436
"30","34.16389_-77.95333",436
"34","34.15528_-77.94472",436
"38","34.14472_-77.94444",436
"1373","34.267_-77.984",556
"1387","34.266_-77.947",556
"1388","34.252_-77.968",556
"1372","34.431_-77.606",802
"1368","34.475_-77.464",864
"1369","34.477_-77.475",864
"1371","34.506_-77.466",864
"1370","34.517_-77.424",865
"596","34.58694_-77.38833",985
"606","34.59028_-77.43528",985
"608","34.6_-77.43639",985
"610","34.60417_-77.38861",985
"612","34.61583_-77.38806",985
"614","34.58389_-77.39444",985
"617","34.58889_-77.43333",985
"621","34.58111_-77.40333",985
"623","34.5975_-77.43583",985
"628","34.57611_-77.4225",985
"629","34.59083_-77.39556",985
"635","34.59722_-77.39472",985
"639","34.58083_-77.42361",985
"642","34.58694_-77.42722",985
"646","34.61083_-77.39361",985
"662","34.59361_-77.42917",985
"665","34.59806_-77.43333",985
"674","34.5825_-77.41139",985
"677","34.59167_-77.40806",985
"683","34.57972_-77.42222",985
"1381","34.593_-77.398",985
"591","34.58472_-77.37583",986
"594","34.57778_-77.38167",986
"598","34.58361_-77.37778",986
"602","34.60306_-77.37417",986
"620","34.5725_-77.36083",986
"632","34.61361_-77.3625",986
"644","34.58889_-77.36861",986
"650","34.6025_-77.38056",986
"656","34.60333_-77.37722",986
"660","34.60417_-77.37694",986
"680","34.60417_-77.3625",986
"648","34.61667_-77.42139",1045
"654","34.61667_-77.42444",1045
"658","34.61667_-77.42361",1045
"671","34.61694_-77.42889",1045
"1382","34.625_-77.43",1045
"589","34.63417_-77.37472",1046
"597","34.64389_-77.37139",1046
"600","34.6225_-77.37667",1046
"604","34.63528_-77.34222",1046
"616","34.63639_-77.37611",1046
"626","34.62917_-77.37333",1046
"634","34.63722_-77.37194",1046
"637","34.61944_-77.38056",1046
"640","34.655_-77.37944",1046
"645","34.64472_-77.35028",1046
"652","34.63194_-77.35333",1046
"659","34.6575_-77.38",1046
"664","34.63611_-77.37417",1046
"668","34.62806_-77.35194",1046
"669","34.61806_-77.37944",1046
"676","34.61972_-77.36167",1046
"682","34.61611_-77.36583",1046
"1383","34.636_-77.331",1046
"592","34.67444_-77.39972",1105
"593","34.67333_-77.39833",1105
"595","34.70639_-77.38694",1105
"601","34.70278_-77.42778",1105
"607","34.69139_-77.42194",1105
"609","34.70611_-77.42889",1105
"613","34.69611_-77.40972",1105
"618","34.71139_-77.42889",1105
"630","34.6775_-77.39278",1105
"631","34.68944_-77.40889",1105
"636","34.66806_-77.39528",1105
"641","34.70611_-77.39611",1105
"643","34.69444_-77.42111",1105
"649","34.70639_-77.42667",1105
"653","34.69361_-77.42278",1105
"661","34.70667_-77.3925",1105
"667","34.66694_-77.38694",1105
"672","34.70194_-77.41278",1105
"673","34.69639_-77.40917",1105
"681","34.69528_-77.40806",1105
"603","34.67306_-77.37",1106
"611","34.69028_-77.3725",1106
"619","34.66556_-77.38472",1106
"622","34.6725_-77.36917",1106
"627","34.67278_-77.36444",1106
"638","34.70056_-77.37778",1106
"651","34.66528_-77.36",1106
"670","34.66889_-77.36056",1106
"684","34.67222_-77.36667",1106
"328","34.68417_-77.10722",1110
"1255","34.685_-77.10528",1110
"319","34.67972_-77.05222",1111
"1249","34.67167_-77.05083",1111
"324","34.68306_-76.97917",1112
"1253","34.69278_-76.96083",1112
"322","34.70611_-76.82",1115
"325","34.705_-76.78944",1115
"590","34.73639_-77.42833",1165
"599","34.73639_-77.42389",1165
"605","34.71278_-77.39722",1165
"615","34.72833_-77.42528",1165
"624","34.71944_-77.40972",1165
"633","34.72278_-77.39306",1165
"655","34.72028_-77.40917",1165
"657","34.71944_-77.42722",1165
"663","34.71889_-77.40972",1165
"666","34.71389_-77.39833",1165
"675","34.71972_-77.40889",1165
"678","34.74028_-77.42417",1165
"679","34.71972_-77.40833",1165
"1257","34.72306_-77.38694",1165
"1385","34.738_-77.426",1165
"1386","34.756_-77.436",1165
"625","34.72444_-77.36361",1166
"647","34.72222_-77.38028",1166
"1384","34.724_-77.383",1166
"330","34.74417_-77.13361",1170
"1270","34.74167_-77.13333",1170
"332","34.72417_-76.8",1175
"1251","34.72167_-76.81556",1175
"1274","34.72028_-76.79111",1175
"1279","34.72417_-76.80611",1175
"1286","34.752_-76.751",1176
"1291","34.731_-76.448",1181
"327","34.7725_-76.69139",1237
"1269","34.77333_-76.69361",1237
"1289","34.789_-76.61",1238
"1290","34.806_-76.481",1240
"1292","34.772_-76.424",1241
"1288","34.818_-76.623",1298
"320","34.82361_-76.45333",1301
"333","34.80778_-76.45083",1301
"1250","34.82056_-76.435",1301
"1261","34.81_-76.45",1301
"1293","34.825_-76.458",1301
"331","34.82056_-76.37306",1302
"1260","34.81917_-76.37528",1302
"1303","34.865_-76.762",1356
"1254","34.89389_-76.32417",1363
"351","34.94417_-76.86028",1414
"417","34.94833_-76.86861",1414
"421","34.94417_-76.85917",1414
"429","34.94417_-76.85972",1414
"455","34.93722_-76.84083",1414
"478","34.94917_-76.86",1414
"503","34.93833_-76.84111",1414
"556","34.9425_-76.85306",1414
"338","34.93_-76.78583",1415
"344","34.93889_-76.815",1415
"362","34.94139_-76.815",1415
"365","34.93111_-76.78917",1415
"368","34.93833_-76.83861",1415
"372","34.93889_-76.81583",1415
"376","34.93778_-76.83806",1415
"399","34.92528_-76.77972",1415
"406","34.93583_-76.80306",1415
"432","34.93611_-76.80528",1415
"435","34.94111_-76.82694",1415
"449","34.925_-76.78111",1415
"454","34.92833_-76.78611",1415
"465","34.93111_-76.78833",1415
"471","34.93611_-76.81361",1415
"489","34.94556_-76.81444",1415
"492","34.93194_-76.79",1415
"495","34.93972_-76.83861",1415
"499","34.94472_-76.81472",1415
"534","34.93778_-76.80472",1415
"559","34.93861_-76.80611",1415
"562","34.94472_-76.82361",1415
"576","34.92694_-76.78",1415
"581","34.93139_-76.78889",1415
"582","34.93861_-76.83889",1415
"1723","34.93330002_-76.78330231",1415
"1904","34.95000076_-76.80000305",1415
"1961","34.95000076_-76.8167038",1415
"2042","34.95_-76.8",1415
"2141","34.95_-76.83333",1415
"2142","34.93333_-76.78333",1415
"352","34.91806_-76.76611",1416
"369","34.92333_-76.77667",1416
"410","34.92361_-76.77722",1416
"479","34.92028_-76.76611",1416
"496","34.925_-76.77611",1416
"532","34.92611_-76.77833",1416
"537","34.92333_-76.77444",1416
"1391","34.91669846_-76.76670074",1416
"1496","34.95000076_-76.76670074",1416
"1545","34.93330002_-76.75",1416
"1651","34.95000076_-76.73329926",1416
"2062","34.9333_-76.7667",1416
"2143","34.93333_-76.75",1416
"416","34.93917_-76.71667",1417
"2114","34.95_-76.7167",1417
"1287","34.94_-76.637",1418
"1302","34.95_-76.591",1419
"334","34.94222_-76.44333",1421
"1262","34.94278_-76.44139",1421
"1298","34.923_-76.437",1421
"1299","34.942_-76.464",1421
"1294","34.923_-76.359",1422
"1297","34.937_-76.406",1422
"326","34.90861_-76.32444",1423
"1295","34.95_-76.289",1424
"329","34.94972_-76.21806",1425
"1256","34.94833_-76.22056",1425
"345","34.97833_-76.93917",1473
"354","34.96222_-76.90833",1473
"359","34.9725_-76.9325",1473
"367","34.9675_-76.9175",1473
"377","34.97667_-76.93861",1473
"401","34.97139_-76.93167",1473
"405","34.99139_-76.95972",1473
"427","34.97167_-76.92889",1473
"431","34.97056_-76.92806",1473
"441","34.98694_-76.94917",1473
"447","34.9825_-76.94528",1473
"460","34.98083_-76.94194",1473
"472","34.98083_-76.93889",1473
"481","34.965_-76.9025",1473
"486","34.97306_-76.93167",1473
"494","34.97278_-76.91889",1473
"504","34.97694_-76.93722",1473
"528","34.97278_-76.92833",1473
"533","34.99111_-76.95472",1473
"545","34.96611_-76.90028",1473
"549","34.96528_-76.90361",1473
"554","34.97306_-76.925",1473
"558","34.97278_-76.92361",1473
"568","34.9875_-76.9475",1473
"574","34.9825_-76.94472",1473
"587","34.98056_-76.93861",1473
"337","34.98722_-76.84389",1474
"355","34.98861_-76.84611",1474
"380","34.98889_-76.84528",1474
"386","34.95194_-76.89722",1474
"389","34.98972_-76.84639",1474
"394","34.96611_-76.8925",1474
"422","34.95111_-76.89444",1474
"425","34.99333_-76.87778",1474
"440","34.98556_-76.84222",1474
"444","34.96028_-76.8975",1474
"459","34.95917_-76.89889",1474
"464","34.98389_-76.84583",1474
"482","34.985_-76.84278",1474
"507","34.98806_-76.84917",1474
"514","34.95167_-76.8975",1474
"517","34.98667_-76.84667",1474
"522","34.965_-76.89583",1474
"548","34.985_-76.84778",1474
"567","34.98639_-76.84722",1474
"571","34.96389_-76.89556",1474
"586","34.96333_-76.8975",1474
"1587","34.98329926_-76.90000153",1474
"1588","34.96670151_-76.84999847",1474
"1902","34.98329926_-76.86669922",1474
"1948","34.98329926_-76.88330078",1474
"2043","34.9667_-76.8667",1474
"341","34.97194_-76.82139",1475
"342","34.97278_-76.79028",1475
"398","34.98139_-76.83583",1475
"402","34.97333_-76.78972",1475
"403","34.97194_-76.82111",1475
"424","34.97389_-76.78556",1475
"446","34.96417_-76.80306",1475
"450","34.97056_-76.81806",1475
"468","34.97056_-76.82611",1475
"469","34.97167_-76.78806",1475
"526","34.98_-76.83778",1475
"529","34.9725_-76.78583",1475
"530","34.97111_-76.82306",1475
"544","34.95722_-76.83111",1475
"551","34.97111_-76.79278",1475
"573","34.96361_-76.80278",1475
"577","34.96806_-76.81889",1475
"1988","34.97_-76.83",1475
"343","34.98306_-76.76639",1476
"439","34.97611_-76.77194",1476
"453","34.99583_-76.74583",1476
"470","34.98_-76.76222",1476
"566","34.97417_-76.77389",1476
"570","34.99722_-76.75444",1476
"580","34.99167_-76.74583",1476
"1722","34.98329926_-76.73329926",1476
"1947","34.96670151_-76.76670074",1476
"2041","34.9833_-76.7333",1476
"350","34.95639_-76.68889",1477
"361","34.97194_-76.66972",1477
"373","34.95667_-76.69389",1477
"375","34.97056_-76.67333",1477
"420","34.95944_-76.67667",1477
"430","34.95167_-76.70944",1477
"477","34.95861_-76.68778",1477
"488","34.9725_-76.67139",1477
"500","34.96083_-76.69472",1477
"502","34.9725_-76.67194",1477
"543","34.98361_-76.68306",1477
"557","34.9575_-76.71194",1477
"1392","34.98329926_-76.69999695",1477
"1479","34.98329926_-76.71669769",1477
"1724","34.98329926_-76.6832962",1477
"2061","34.9667_-76.7",1477
"2063","34.9833_-76.7",1477
"356","34.98778_-76.62333",1478
"379","34.98056_-76.64",1478
"387","34.98222_-76.64",1478
"390","34.98333_-76.64917",1478
"426","34.98361_-76.64694",1478
"457","34.98389_-76.64417",1478
"483","34.99167_-76.62889",1478
"506","34.9825_-76.64111",1478
"515","34.98111_-76.64056",1478
"518","34.98806_-76.64889",1478
"553","34.98972_-76.64778",1478
"584","34.99111_-76.64722",1478
"1661","34.98329926_-76.61669922",1478
"1301","34.99_-76.576",1479
"1775","34.98329926_-76.58329773",1479
"1300","34.979_-76.507",1480
"1252","34.9625_-76.43472",1481
"323","34.96167_-76.40722",1482
"1296","34.977_-76.267",1484
"321","34.96667_-76.2",1485
"1264","34.96417_-76.21611",1485
"339","35.04556_-76.98972",1532
"340","35.01944_-76.98139",1532
"349","35.04611_-76.99167",1532
"358","35.02111_-76.98167",1532
"371","35.01778_-76.98167",1532
"384","35.01333_-76.98028",1532
"385","35.03639_-76.98694",1532
"400","35.02194_-76.98361",1532
"418","35.02917_-76.98306",1532
"433","34.99944_-76.96972",1532
"438","35.04306_-76.98833",1532
"445","35.00889_-76.97917",1532
"466","35.04472_-76.985",1532
"467","35.02083_-76.98083",1532
"476","35.045_-76.98667",1532
"485","35.01972_-76.98111",1532
"498","35.02167_-76.98083",1532
"512","35.01611_-76.97917",1532
"513","35.03611_-76.98417",1532
"527","35.02861_-76.98333",1532
"560","35.00056_-76.97028",1532
"563","35.04611_-76.98889",1532
"565","35.04028_-76.98528",1532
"572","35.0125_-76.97833",1532
"1390","35.01670074_-76.96669769",1532
"1839","35.03329849_-76.96669769",1532
"363","35.04389_-76.94417",1533
"388","35.02944_-76.9225",1533
"451","35.02611_-76.90361",1533
"456","35.045_-76.94528",1533
"490","35.0425_-76.94694",1533
"516","35.02556_-76.92222",1533
"521","35.04444_-76.93583",1533
"541","35.03694_-76.94111",1533
"578","35.02583_-76.90361",1533
"583","35.04167_-76.94333",1533
"1494","35_-76.9332962",1533
"1903","35.01670074_-76.9332962",1533
"1989","35_-76.95",1533
"2044","35_-76.9167",1533
"346","35.01_-76.88389",1534
"366","35.0025_-76.87444",1534
"397","35.01361_-76.88722",1534
"411","35.00361_-76.87667",1534
"473","35.00639_-76.88444",1534
"493","35.00056_-76.87722",1534
"525","35.01083_-76.88944",1534
"538","35.0025_-76.87944",1534
"552","34.99944_-76.87889",1534
"1495","35_-76.90000153",1534
"443","34.99861_-76.75444",1536
"1366","35.03845_-76.725167",1536
"383","35.01278_-76.70528",1537
"395","35.04194_-76.65917",1537
"407","35.02667_-76.71639",1537
"437","35.02389_-76.69222",1537
"510","35.00806_-76.70139",1537
"535","35.02556_-76.71611",1537
"564","35.02222_-76.69361",1537
"1365","35.043467_-76.666183",1537
"1393","35_-76.6832962",1537
"1480","35_-76.69999695",1537
"523","35.04278_-76.65139",1538
"547","35.04444_-76.64194",1538
"1481","35.01670074_-76.65000153",1538
"1497","35.03329849_-76.59999847",1538
"1498","35_-76.61669922",1538
"1802","35.03329849_-76.63330078",1538
"1803","35.03329849_-76.65000153",1538
"1870","35_-76.59999847",1538
"1987","35_-76.6",1538
"2064","35_-76.65",1538
"2140","35_-76.63333",1538
"2144","35_-76.61667",1538
"1482","35.01670074_-76.5667038",1539
"1669","35.03329849_-76.55000305",1539
"1725","35.01670074_-76.58329773",1539
"1804","35.03329849_-76.5667038",1539
"1871","35.01670074_-76.55000305",1539
"2115","35.0333_-76.5833",1539
"1542","35.03329849_-76.51670074",1540
"1840","35.03329849_-76.53330231",1540
"1905","35.01670074_-76.53330231",1540
"2116","35.0333_-76.5167",1540
"1808","35.0333_-76.3",1543
"1399","35.03329849_-76.28330231",1544
"1490","35.01670074_-76.25",1544
"1594","35.01670074_-76.26670074",1544
"2036","35.02_-76.25",1544
"2070","35.0333_-76.25",1544
"1400","35.03329849_-76.19999695",1545
"1491","35.03329849_-76.21669769",1545
"1551","35.03329849_-76.23329926",1545
"1965","35.01670074_-76.21669769",1545
"2071","35.0333_-76.2167",1545
"370","35.08556_-77.02694",1591
"497","35.08417_-77.02361",1591
"336","35.05722_-76.97528",1592
"347","35.06028_-77.00583",1592
"348","35.05667_-76.97278",1592
"353","35.06917_-77.01444",1592
"357","35.08694_-77.00361",1592
"360","35.055_-76.99778",1592
"374","35.06917_-77.01417",1592
"382","35.0575_-77.00194",1592
"391","35.07_-77.01417",1592
"392","35.05694_-76.96083",1592
"396","35.05444_-76.99806",1592
"404","35.05861_-77.00389",1592
"408","35.06944_-77.01389",1592
"412","35.06528_-76.985",1592
"413","35.06389_-76.9825",1592
"414","35.05778_-76.97417",1592
"423","35.04806_-76.99333",1592
"428","35.06028_-77.00444",1592
"436","35.04833_-76.99389",1592
"458","35.07417_-76.99333",1592
"461","35.08944_-77.005",1592
"474","35.06_-77.00361",1592
"475","35.05444_-76.97444",1592
"480","35.06861_-77.01278",1592
"484","35.085_-77.00528",1592
"487","35.055_-76.99583",1592
"501","35.06778_-77.01278",1592
"509","35.05861_-77.00111",1592
"511","35.05806_-77.00028",1592
"519","35.06917_-77.01306",1592
"520","35.05472_-76.96111",1592
"524","35.05472_-76.99583",1592
"531","35.06_-77.00278",1592
"539","35.06417_-76.98611",1592
"540","35.06167_-76.98306",1592
"546","35.06917_-76.99417",1592
"550","35.05028_-76.99306",1592
"555","35.05972_-77.00194",1592
"575","35.09333_-77.01083",1592
"585","35.07222_-76.995",1592
"588","35.08861_-77.0075",1592
"381","35.05667_-76.9575",1593
"393","35.04806_-76.93583",1593
"409","35.06028_-76.95139",1593
"463","35.05528_-76.96",1593
"508","35.05528_-76.95972",1593
"536","35.05806_-76.95056",1593
"1271","35.05722_-76.95861",1593
"1362","35.08245_-76.6578",1597
"1364","35.063533_-76.645483",1598
"1776","35.04999924_-76.59999847",1598
"1394","35.04999924_-76.58329773",1599
"1483","35.06669998_-76.55000305",1599
"1543","35.06669998_-76.5667038",1599
"1544","35.08330154_-76.55000305",1599
"1598","35.04999924_-76.55000305",1599
"1653","35.04999924_-76.5667038",1599
"1990","35.07_-76.57",1599
"1991","35.07_-76.55",1599
"2117","35.0667_-76.5667",1599
"1484","35.08330154_-76.5",1600
"1670","35.04999924_-76.53330231",1600
"1671","35.06669998_-76.53330231",1600
"1672","35.06669998_-76.5",1600
"1726","35.06669998_-76.51670074",1600
"1743","35.04999924_-76.5",1600
"1777","35.08330154_-76.53330231",1600
"2045","35.05_-76.5167",1600
"2065","35.0667_-76.5",1600
"2118","35.0833_-76.5167",1600
"1727","35.08330154_-76.40000153",1602
"1843","35.08330154_-76.36669922",1602
"1488","35.08330154_-76.30000305",1603
"1489","35.06669998_-76.30000305",1603
"1728","35.08330154_-76.34999847",1603
"1900","35.04999924_-76.33329773",1603
"1901","35.06669998_-76.3167038",1603
"1907","35.08330154_-76.3167038",1603
"1946","35.06669998_-76.33329773",1603
"2069","35.05_-76.3333",1603
"2124","35.0833_-76.35",1603
"1552","35.04999924_-76.28330231",1604
"1729","35.04999924_-76.26670074",1604
"1401","35.04999924_-76.21669769",1605
"1492","35.06669998_-76.23329926",1605
"1518","35.04999924_-76.19999695",1605
"1550","35.04999924_-76.23329926",1605
"1592","35.08330154_-76.19999695",1605
"1593","35.08330154_-76.1832962",1605
"1666","35.06669998_-76.21669769",1605
"1780","35.08330154_-76.21669769",1605
"2035","35.05_-76.23",1605
"2072","35.0833_-76.2167",1605
"1730","35.08330154_-76.16670227",1606
"135","35.09389_-76.10056",1607
"271","35.09333_-76.09",1607
"335","35.13139_-77.03028",1651
"419","35.11944_-77.02167",1651
"452","35.12694_-77.02778",1651
"462","35.13_-77.03028",1651
"542","35.11417_-77.03389",1651
"569","35.10667_-77.02278",1651
"579","35.12639_-77.02889",1651
"364","35.10306_-77.01806",1652
"378","35.09583_-77.00806",1652
"415","35.10667_-77.01833",1652
"434","35.10889_-77.0175",1652
"442","35.10306_-77.01972",1652
"448","35.09694_-77.00806",1652
"491","35.10194_-77.01694",1652
"505","35.09667_-77.01111",1652
"561","35.10722_-77.01889",1652
"1363","35.109317_-76.58575",1659
"1367","35.135367_-76.5963",1659
"1778","35.09999847_-76.55000305",1659
"1395","35.09999847_-76.51670074",1660
"1499","35.11669922_-76.53330231",1660
"1548","35.11669922_-76.51670074",1660
"1596","35.13330078_-76.48329926",1660
"1597","35.09999847_-76.48329926",1660
"1841","35.13330078_-76.5",1660
"1872","35.11669922_-76.5",1660
"1962","35.09999847_-76.5",1660
"1992","35.12_-76.5",1660
"2046","35.1_-76.5",1660
"1485","35.11669922_-76.44999695",1661
"1500","35.13330078_-76.44999695",1661
"1595","35.09999847_-76.41670227",1661
"1744","35.11669922_-76.46669769",1661
"1906","35.09999847_-76.46669769",1661
"1964","35.13330078_-76.4332962",1661
"1993","35.13_-76.43",1661
"2146","35.13333_-76.41667",1661
"1396","35.11669922_-76.34999847",1663
"1397","35.11669922_-76.30000305",1663
"1486","35.13330078_-76.3167038",1663
"1487","35.09999847_-76.34999847",1663
"1554","35.13330078_-76.30000305",1663
"1747","35.09999847_-76.30000305",1663
"1807","35.13330078_-76.34999847",1663
"2068","35.1_-76.3",1663
"1398","35.13330078_-76.28330231",1664
"1517","35.09999847_-76.25",1664
"1680","35.11669922_-76.28330231",1664
"1748","35.09999847_-76.28330231",1664
"2125","35.1333_-76.2833",1664
"1516","35.11669922_-76.19999695",1665
"1731","35.13330078_-76.23329926",1665
"1749","35.09999847_-76.23329926",1665
"1809","35.09999847_-76.19999695",1665
"1966","35.13330078_-76.19999695",1665
"2133","35.1_-76.1833",1665
"1863","35.13330078_-76.11669922",1666
"1864","35.13330078_-76.16670227",1666
"2059","35.1333_-76.1667",1666
"2100","35.1333_-76.1167",1666
"138","35.13917_-76.0075",1668
"52","35.12028_-75.96639",1669
"55","35.13917_-75.93139",1669
"85","35.13167_-75.97472",1669
"115","35.11806_-75.96944",1669
"120","35.13722_-75.95194",1669
"128","35.14167_-75.93111",1669
"172","35.12333_-75.96556",1669
"188","35.12694_-75.96167",1669
"221","35.13056_-75.97889",1669
"251","35.12111_-75.97417",1669
"256","35.135_-75.96",1669
"308","35.12694_-75.96472",1669
"1266","35.13694_-75.95389",1669
"1281","35.135_-75.9575",1669
"191","35.14167_-75.92778",1670
"193","35.14056_-75.92306",1670
"1357","35.176417_-76.675483",1717
"1358","35.155433_-76.71405",1717
"1359","35.145317_-76.6668",1717
"1356","35.1882_-76.644167",1718
"1360","35.147617_-76.63605",1718
"1805","35.16669846_-76.59999847",1718
"1361","35.157833_-76.5671",1719
"1842","35.18330002_-76.58329773",1719
"1963","35.16669846_-76.48329926",1720
"1994","35.17_-76.48",1720
"2066","35.15_-76.5167",1720
"2145","35.16667_-76.48333",1720
"1652","35.15000153_-76.41670227",1721
"2067","35.15_-76.4667",1721
"1678","35.15000153_-76.36669922",1722
"2134","35.1667_-76.3667",1722
"1513","35.18330002_-76.34999847",1723
"1553","35.16669846_-76.30000305",1723
"1679","35.15000153_-76.34999847",1723
"1779","35.16669846_-76.3167038",1723
"1806","35.15000153_-76.33329773",1723
"1908","35.18330002_-76.33329773",1723
"2126","35.15_-76.35",1723
"1663","35.18330002_-76.26670074",1724
"1746","35.15000153_-76.28330231",1724
"1866","35.16669846_-76.28330231",1724
"1967","35.15000153_-76.25",1724
"2037","35.15_-76.28",1724
"1514","35.16669846_-76.23329926",1725
"1865","35.15000153_-76.1832962",1725
"2060","35.1667_-76.1833",1725
"2101","35.15_-76.1833",1725
"1402","35.16669846_-76.15000153",1726
"1591","35.15000153_-76.16670227",1726
"1912","35.18330002_-76.15000153",1726
"1546","35.18330002_-76.09999847",1727
"1810","35.16669846_-76.09999847",1727
"1818","35.16669846_-76.0667038",1727
"2171","35.18333_-76.1",1727
"274","35.14861_-75.99944",1728
"1464","35.18330002_-76.01670074",1728
"1817","35.16669846_-76",1728
"1914","35.18330002_-76.05000305",1728
"1943","35.16669846_-76.05000305",1728
"1960","35.16669846_-76.03330231",1728
"2073","35.15_-76.05",1728
"1529","35.16669846_-75.9332962",1729
"1605","35.18330002_-75.9332962",1729
"1622","35.16669846_-75.98329926",1729
"1655","35.16669846_-75.96669769",1729
"1913","35.18330002_-75.98329926",1729
"2074","35.1667_-75.9667",1729
"57","35.14556_-75.90889",1730
"66","35.14583_-75.90833",1730
"72","35.16028_-75.87944",1730
"124","35.14222_-75.91278",1730
"148","35.15639_-75.89694",1730
"202","35.14444_-75.92",1730
"260","35.15917_-75.90611",1730
"264","35.14222_-75.92611",1730
"284","35.15361_-75.90444",1730
"1243","35.14417_-75.91083",1730
"1733","35.18330002_-75.88330078",1730
"2007","35.17_-75.92",1730
"2008","35.18_-75.88",1730
"2075","35.1833_-75.9",1730
"50","35.17833_-75.83083",1731
"75","35.17222_-75.83722",1731
"77","35.18472_-75.81972",1731
"105","35.17583_-75.84806",1731
"147","35.18111_-75.81139",1731
"186","35.18028_-75.83306",1731
"208","35.17556_-75.85361",1731
"211","35.175_-75.835",1731
"213","35.17556_-75.83583",1731
"234","35.17611_-75.83639",1731
"241","35.17806_-75.8425",1731
"283","35.17917_-75.83444",1731
"297","35.18389_-75.80944",1731
"82","35.185_-75.80278",1732
"99","35.18139_-75.79639",1732
"102","35.18222_-75.80639",1732
"113","35.18306_-75.79056",1732
"161","35.18278_-75.79972",1732
"218","35.18333_-75.80639",1732
"235","35.18361_-75.80778",1732
"238","35.18333_-75.80611",1732
"249","35.18611_-75.78667",1732
"1355","35.194433_-76.6212",1778
"1352","35.214467_-76.572",1779
"1354","35.2019_-76.557583",1779
"1415","35.20000076_-76.38330078",1782
"1799","35.23329926_-76.38330078",1782
"2040","35.22_-76.37",1782
"1512","35.21670151_-76.3167038",1783
"1732","35.20000076_-76.33329773",1783
"1745","35.20000076_-76.34999847",1783
"1909","35.21670151_-76.34999847",1783
"1910","35.23329926_-76.30000305",1783
"2038","35.2_-76.3",1783
"2102","35.2167_-76.3333",1783
"2151","35.21667_-76.3",1783
"1510","35.23329926_-76.26670074",1784
"1511","35.21670151_-76.28330231",1784
"1590","35.21670151_-76.25",1784
"1662","35.20000076_-76.26670074",1784
"1833","35.23329926_-76.28330231",1784
"1878","35.20000076_-76.28330231",1784
"1945","35.20000076_-76.25",1784
"1589","35.21670151_-76.19999695",1785
"1656","35.23329926_-76.1832962",1785
"1911","35.21670151_-76.23329926",1785
"1953","35.23329926_-76.21669769",1785
"2130","35.2333_-76.2333",1785
"2131","35.2167_-76.2",1785
"2147","35.21667_-76.21667",1785
"1411","35.23329926_-76.15000153",1786
"1493","35.21670151_-76.13330078",1786
"1603","35.21670151_-76.16670227",1786
"1665","35.23329926_-76.16670227",1786
"1681","35.23329926_-76.13330078",1786
"1944","35.20000076_-76.15000153",1786
"1969","35.21670151_-76.15000153",1786
"2103","35.2333_-76.1667",1786
"2132","35.2_-76.1333",1786
"2148","35.21667_-76.15",1786
"1403","35.21670151_-76.09999847",1787
"1604","35.21670151_-76.0667038",1787
"1703","35.20000076_-76.0667038",1787
"1819","35.23329926_-76.0667038",1787
"1882","35.20000076_-76.08329773",1787
"1915","35.21670151_-76.08329773",1787
"1968","35.20000076_-76.09999847",1787
"2034","35.2_-76.07",1787
"1515","35.20000076_-76.03330231",1788
"1664","35.23329926_-76.01670074",1788
"1844","35.20000076_-76.01670074",1788
"1883","35.21670151_-76.05000305",1788
"1465","35.23329926_-75.96669769",1789
"1531","35.20000076_-75.9332962",1789
"1563","35.20000076_-75.94999695",1789
"1811","35.21670151_-75.96669769",1789
"1884","35.23329926_-75.9332962",1789
"1975","35.23329926_-75.94999695",1789
"1404","35.21670151_-75.90000153",1790
"1562","35.21670151_-75.91670227",1790
"1657","35.20000076_-75.88330078",1790
"1781","35.21670151_-75.88330078",1790
"1935","35.23329926_-75.90000153",1790
"98","35.19167_-75.83611",1791
"130","35.20167_-75.82472",1791
"266","35.20556_-75.82861",1791
"1405","35.23329926_-75.86669922",1791
"1406","35.23329926_-75.83329773",1791
"1560","35.21670151_-75.8167038",1791
"1561","35.21670151_-75.84999847",1791
"1659","35.23329926_-75.84999847",1791
"1660","35.21670151_-75.86669922",1791
"1845","35.23329926_-75.8167038",1791
"2009","35.22_-75.85",1791
"89","35.21583_-75.79667",1792
"165","35.22222_-75.75722",1792
"179","35.22028_-75.76667",1792
"182","35.22556_-75.7575",1792
"225","35.225_-75.79889",1792
"315","35.23028_-75.76861",1792
"318","35.23111_-75.75639",1792
"1621","35.23329926_-75.76670074",1792
"1667","35.23329926_-75.78330231",1792
"1764","35.23329926_-75.80000305",1792
"2076","35.2333_-75.8",1792
"68","35.20917_-75.72417",1793
"69","35.23583_-75.72167",1793
"88","35.22444_-75.72889",1793
"103","35.21583_-75.70028",1793
"107","35.22167_-75.72611",1793
"108","35.21361_-75.70167",1793
"110","35.21694_-75.7",1793
"111","35.23056_-75.72389",1793
"149","35.22556_-75.70111",1793
"156","35.21806_-75.74611",1793
"168","35.22_-75.74806",1793
"174","35.21472_-75.70167",1793
"204","35.21167_-75.73278",1793
"205","35.23611_-75.71722",1793
"224","35.21806_-75.72944",1793
"239","35.21556_-75.70167",1793
"243","35.22472_-75.72361",1793
"244","35.21583_-75.70361",1793
"246","35.21806_-75.70056",1793
"285","35.2275_-75.70667",1793
"310","35.22583_-75.69361",1793
"1278","35.21833_-75.72806",1793
"1306","35.219_-75.708",1793
"1813","35.21670151_-75.71669769",1793
"114","35.2325_-75.675",1794
"129","35.23306_-75.68306",1794
"141","35.22528_-75.65389",1794
"152","35.23611_-75.65472",1794
"177","35.23111_-75.64444",1794
"250","35.23472_-75.67694",1794
"265","35.23528_-75.68694",1794
"277","35.23556_-75.65056",1794
"288","35.23667_-75.66278",1794
"313","35.23556_-75.64417",1794
"1353","35.240233_-76.5918",1839
"1351","35.26385_-76.50105",1840
"1770","35.26670074_-76.4332962",1841
"1918","35.28329849_-76.44999695",1841
"2128","35.2833_-76.45",1841
"2173","35.28333_-76.41667",1841
"2174","35.26667_-76.41667",1841
"1414","35.25_-76.36669922",1842
"1800","35.25_-76.38330078",1842
"1917","35.28329849_-76.36669922",1842
"1950","35.28329849_-76.38330078",1842
"1951","35.26670074_-76.36669922",1842
"2039","35.25_-76.4",1842
"2129","35.2833_-76.3667",1842
"1508","35.26670074_-76.3167038",1843
"1568","35.28329849_-76.34999847",1843
"1634","35.28329849_-76.3167038",1843
"1769","35.25_-76.35",1843
"1412","35.28329849_-76.25",1844
"1413","35.28329849_-76.26670074",1844
"1643","35.25_-76.25",1844
"1952","35.28329849_-76.28330231",1844
"1970","35.26670074_-76.28330231",1844
"2055","35.2833_-76.2667",1844
"2149","35.26667_-76.25",1844
"2150","35.25_-76.26667",1844
"1443","35.28329849_-76.23329926",1845
"1566","35.28329849_-76.19999695",1845
"1797","35.26670074_-76.21669769",1845
"1798","35.25_-76.21669769",1845
"1876","35.26670074_-76.23329926",1845
"1877","35.25_-76.23329926",1845
"2005","35.28_-76.23",1845
"2172","35.28333_-76.23333",1845
"1519","35.26670074_-76.13330078",1846
"1567","35.28329849_-76.13330078",1846
"1601","35.28329849_-76.16670227",1846
"1714","35.26670074_-76.15000153",1846
"1751","35.28329849_-76.11669922",1846
"1794","35.26670074_-76.11669922",1846
"1879","35.26670074_-76.16670227",1846
"2033","35.27_-76.12",1846
"1520","35.28329849_-76.0667038",1847
"1547","35.25_-76.0667038",1847
"1549","35.26670074_-76.0667038",1847
"1750","35.26670074_-76.09999847",1847
"1861","35.28329849_-76.09999847",1847
"1862","35.28329849_-76.08329773",1847
"1971","35.26670074_-76.08329773",1847
"2058","35.2667_-76.1",1847
"2168","35.26667_-76.06667",1847
"1654","35.25_-76.01670074",1848
"1708","35.26670074_-76",1848
"1820","35.28329849_-76.05000305",1848
"2169","35.28333_-76.05",1848
"1410","35.28329849_-75.98329926",1849
"1541","35.28329849_-75.96669769",1849
"1559","35.28329849_-75.94999695",1849
"1564","35.25_-75.9332962",1849
"1812","35.25_-75.96669769",1849
"2032","35.28_-75.97",1849
"1466","35.28329849_-75.91670227",1850
"1530","35.26670074_-75.90000153",1850
"1558","35.26670074_-75.91670227",1850
"1607","35.26670074_-75.88330078",1850
"2010","35.25_-75.9",1850
"1606","35.25_-75.86669922",1851
"2077","35.2667_-75.8667",1851
"292","35.23889_-75.7525",1852
"301","35.23806_-75.75417",1852
"1408","35.28329849_-75.76670074",1852
"1528","35.25_-75.76670074",1852
"1658","35.28329849_-75.75",1852
"1846","35.26670074_-75.75",1852
"2011","35.28_-75.77",1852
"2012","35.27_-75.75",1852
"119","35.26972_-75.69556",1853
"151","35.26056_-75.72306",1853
"163","35.26417_-75.70083",1853
"247","35.25278_-75.72583",1853
"287","35.26472_-75.71944",1853
"299","35.26389_-75.70806",1853
"304","35.24167_-75.74528",1853
"1283","35.27167_-75.69611",1853
"101","35.28361_-75.67167",1854
"166","35.24528_-75.63694",1854
"199","35.24667_-75.63083",1854
"207","35.24694_-75.63972",1854
"237","35.28306_-75.66722",1854
"255","35.27333_-75.6875",1854
"302","35.24944_-75.63556",1854
"1285","35.27528_-75.68778",1854
"1305","35.243_-75.635",1854
"56","35.26694_-75.57472",1855
"63","35.24556_-75.62111",1855
"71","35.24306_-75.62667",1855
"192","35.26972_-75.57417",1855
"84","35.27444_-75.53611",1856
"93","35.28139_-75.52444",1856
"94","35.27333_-75.52333",1856
"122","35.26889_-75.55361",1856
"134","35.28444_-75.55444",1856
"158","35.28389_-75.55611",1856
"181","35.28056_-75.52444",1856
"220","35.27194_-75.52028",1856
"230","35.2725_-75.52056",1856
"258","35.2775_-75.55889",1856
"317","35.27306_-75.52",1856
"1246","35.27611_-75.56083",1856
"1280","35.27806_-75.525",1856
"1342","35.309_-76.783",1895
"1345","35.331_-76.685",1897
"1347","35.317833_-76.636667",1898
"1348","35.2996_-76.601367",1898
"1349","35.300583_-76.511467",1900
"1350","35.3145_-76.501167",1900
"1463","35.31669998_-76.46669769",1901
"1835","35.31669998_-76.4332962",1901
"1867","35.29999924_-76.41670227",1901
"2054","35.3_-76.45",1901
"2127","35.3167_-76.45",1901
"1704","35.31669998_-76.36669922",1902
"1153","35.30917_-76.33944",1903
"1565","35.31669998_-76.34999847",1903
"1644","35.29999924_-76.34999847",1903
"1668","35.31669998_-76.33329773",1903
"1697","35.31669998_-76.30000305",1903
"1834","35.31669998_-76.3167038",1903
"2105","35.3167_-76.3",1903
"940","35.31722_-76.26667",1904
"1045","35.31333_-76.26278",1904
"1077","35.32194_-76.26528",1904
"1085","35.32889_-76.27361",1904
"1092","35.31806_-76.28417",1904
"1197","35.31056_-76.24528",1904
"1229","35.325_-76.26444",1904
"1237","35.32944_-76.2725",1904
"1716","35.29999924_-76.28330231",1904
"2006","35.3_-76.28",1904
"2104","35.3167_-76.25",1904
"1189","35.31472_-76.21361",1905
"1602","35.29999924_-76.21669769",1905
"1768","35.31669998_-76.19999695",1905
"1796","35.31669998_-76.21669769",1905
"1916","35.29999924_-76.23329926",1905
"2003","35.33_-76.18",1905
"2004","35.3_-76.18",1905
"2057","35.3_-76.2",1905
"950","35.33167_-76.14944",1906
"1029","35.32806_-76.16139",1906
"1102","35.3325_-76.14167",1906
"1181","35.32361_-76.15361",1906
"1640","35.31669998_-76.16670227",1906
"1685","35.31669998_-76.15000153",1906
"1715","35.31669998_-76.13330078",1906
"1795","35.31669998_-76.11669922",1906
"1880","35.29999924_-76.11669922",1906
"2170","35.31667_-76.11667",1906
"1452","35.31669998_-76.08329773",1907
"1972","35.29999924_-76.09999847",1907
"1973","35.31669998_-76.09999847",1907
"1533","35.29999924_-76",1908
"1540","35.31669998_-76.01670074",1908
"1557","35.31669998_-76",1908
"1600","35.29999924_-76.05000305",1908
"1821","35.29999924_-76.03330231",1908
"2099","35.3_-76.0167",1908
"1885","35.31669998_-75.94999695",1909
"1932","35.29999924_-75.96669769",1909
"1933","35.31669998_-75.9332962",1909
"2031","35.33_-75.95",1909
"2098","35.3167_-75.9667",1909
"2163","35.31667_-75.95",1909
"1709","35.31669998_-75.88330078",1910
"1782","35.29999924_-75.91670227",1910
"1816","35.29999924_-75.90000153",1910
"2078","35.3_-75.9",1910
"2079","35.3167_-75.8833",1910
"1407","35.31669998_-75.83329773",1911
"1753","35.31669998_-75.86669922",1911
"1783","35.29999924_-75.8167038",1911
"1409","35.31669998_-75.76670074",1912
"1467","35.31669998_-75.80000305",1912
"1687","35.29999924_-75.76670074",1912
"1688","35.31669998_-75.75",1912
"1693","35.31669998_-75.78330231",1912
"1694","35.29999924_-75.80000305",1912
"2013","35.3_-75.8",1912
"2014","35.32_-75.8",1912
"1527","35.31669998_-75.69999695",1913
"1922","35.29999924_-75.73329926",1913
"2015","35.32_-75.7",1913
"65","35.29278_-75.64417",1914
"201","35.28944_-75.64306",1914
"1648","35.31669998_-75.65000153",1914
"1923","35.31669998_-75.66670227",1914
"2016","35.33_-75.68",1914
"96","35.30278_-75.58972",1915
"169","35.30417_-75.58611",1915
"232","35.31056_-75.58611",1915
"54","35.31889_-75.5175",1916
"76","35.30944_-75.51778",1916
"81","35.30667_-75.55694",1916
"136","35.32333_-75.54417",1916
"190","35.32333_-75.52278",1916
"212","35.31611_-75.52556",1916
"217","35.31139_-75.55639",1916
"229","35.3025_-75.53167",1916
"270","35.2975_-75.56056",1916
"272","35.32972_-75.54889",1916
"294","35.28889_-75.55694",1916
"305","35.30111_-75.56472",1916
"1304","35.298_-75.523",1916
"1341","35.379_-76.817",1955
"703","35.37528_-76.72806",1956
"713","35.375_-76.73361",1956
"732","35.375_-76.72361",1956
"746","35.37444_-76.73167",1956
"831","35.37806_-76.72556",1956
"841","35.38_-76.74222",1956
"860","35.37833_-76.72528",1956
"873","35.37861_-76.72917",1956
"1343","35.347_-76.749",1956
"1344","35.336_-76.765",1956
"709","35.34972_-76.6775",1957
"724","35.34583_-76.66833",1957
"728","35.3725_-76.71556",1957
"762","35.36333_-76.69667",1957
"767","35.34361_-76.66056",1957
"837","35.34889_-76.67167",1957
"852","35.3475_-76.66806",1957
"856","35.37389_-76.71278",1957
"888","35.36528_-76.69306",1957
"1636","35.36669922_-76.69999695",1957
"1996","35.38_-76.67",1957
"2156","35.36667_-76.66667",1957
"697","35.36083_-76.64583",1958
"720","35.34306_-76.64306",1958
"773","35.34417_-76.64083",1958
"778","35.36111_-76.65028",1958
"781","35.3425_-76.62806",1958
"793","35.36222_-76.64861",1958
"825","35.36472_-76.64694",1958
"848","35.34722_-76.64056",1958
"899","35.34861_-76.6375",1958
"904","35.36528_-76.65194",1958
"907","35.34722_-76.62972",1958
"919","35.36528_-76.64667",1958
"1276","35.34417_-76.63944",1958
"1346","35.34_-76.644",1958
"1582","35.34999847_-76.59999847",1958
"1628","35.34999847_-76.61669922",1958
"1629","35.36669922_-76.59999847",1958
"1635","35.36669922_-76.61669922",1958
"1920","35.36669922_-76.63330078",1958
"1995","35.35_-76.62",1958
"2111","35.3667_-76.6167",1958
"1442","35.36669922_-76.58329773",1959
"1445","35.34999847_-76.58329773",1959
"1505","35.34999847_-76.5667038",1959
"1624","35.36669922_-76.55000305",1959
"1772","35.34999847_-76.55000305",1959
"1999","35.38_-76.58",1959
"2000","35.38_-76.55",1959
"2049","35.3667_-76.5833",1959
"2153","35.36667_-76.55",1959
"1036","35.37806_-76.49056",1960
"1048","35.37611_-76.48667",1960
"1188","35.36361_-76.48833",1960
"1200","35.35389_-76.48778",1960
"1263","35.37806_-76.49333",1960
"1504","35.34999847_-76.53330231",1960
"1579","35.33330154_-76.53330231",1960
"1625","35.34999847_-76.5",1960
"1717","35.33330154_-76.48329926",1960
"1718","35.33330154_-76.5",1960
"1771","35.34999847_-76.48329926",1960
"1875","35.36669922_-76.5",1960
"2053","35.35_-76.5167",1960
"2107","35.35_-76.5",1960
"986","35.36833_-76.41806",1961
"995","35.38083_-76.45583",1961
"1138","35.35222_-76.43333",1961
"1147","35.38_-76.465",1961
"1441","35.33330154_-76.46669769",1961
"1507","35.33330154_-76.41670227",1961
"1698","35.34999847_-76.46669769",1961
"1868","35.34999847_-76.44999695",1961
"1921","35.36669922_-76.44999695",1961
"2106","35.3333_-76.4167",1961
"2152","35.35_-76.46667",1961
"939","35.36194_-76.37278",1962
"943","35.36972_-76.39194",1962
"953","35.365_-76.38056",1962
"964","35.3625_-76.36472",1962
"991","35.38_-76.36806",1962
"1053","35.35083_-76.40972",1962
"1057","35.36861_-76.38194",1962
"1076","35.33417_-76.36917",1962
"1091","35.3625_-76.37194",1962
"1095","35.37111_-76.38611",1962
"1105","35.35583_-76.38611",1962
"1116","35.36333_-76.36611",1962
"1143","35.36778_-76.36722",1962
"1192","35.37722_-76.37222",1962
"1205","35.35694_-76.41056",1962
"1209","35.37333_-76.37889",1962
"1228","35.34333_-76.37583",1962
"975","35.375_-76.32222",1963
"1001","35.34278_-76.34833",1963
"1011","35.36361_-76.34944",1963
"1015","35.3625_-76.35083",1963
"1063","35.35833_-76.29917",1963
"1089","35.3625_-76.34694",1963
"1118","35.38_-76.32444",1963
"1127","35.37639_-76.32444",1963
"1163","35.36611_-76.34722",1963
"1167","35.36194_-76.35167",1963
"1202","35.36389_-76.30056",1963
"1215","35.36083_-76.29667",1963
"1241","35.36694_-76.34222",1963
"963","35.38028_-76.25722",1964
"970","35.34083_-76.2675",1964
"979","35.35611_-76.25889",1964
"990","35.34778_-76.28917",1964
"996","35.35611_-76.25917",1964
"1012","35.36528_-76.25944",1964
"1023","35.365_-76.25972",1964
"1041","35.34306_-76.26139",1964
"1049","35.37222_-76.25417",1964
"1050","35.36417_-76.28639",1964
"1059","35.35944_-76.26028",1964
"1115","35.37833_-76.25583",1964
"1122","35.33944_-76.27",1964
"1135","35.35667_-76.25778",1964
"1142","35.33611_-76.28444",1964
"1148","35.3575_-76.25722",1964
"1164","35.36389_-76.25556",1964
"1175","35.35972_-76.26",1964
"1193","35.33639_-76.26389",1964
"1201","35.3675_-76.25639",1964
"1211","35.35944_-76.2525",1964
"981","35.34917_-76.22639",1965
"1037","35.34444_-76.20361",1965
"1054","35.33889_-76.20389",1965
"1132","35.34833_-76.22833",1965
"1206","35.33889_-76.20917",1965
"1509","35.34999847_-76.23329926",1965
"2056","35.35_-76.2333",1965
"952","35.3475_-76.13889",1966
"1014","35.35556_-76.11806",1966
"1073","35.34639_-76.11972",1966
"1081","35.35028_-76.14056",1966
"1104","35.34639_-76.13583",1966
"1166","35.34833_-76.11556",1966
"1225","35.34944_-76.13",1966
"1233","35.35222_-76.13667",1966
"1325","35.359_-76.13",1966
"942","35.38083_-76.06389",1967
"957","35.36944_-76.08833",1967
"983","35.36111_-76.09806",1967
"988","35.35056_-76.09306",1967
"994","35.36083_-76.10278",1967
"1007","35.37056_-76.0825",1967
"1021","35.36028_-76.105",1967
"1026","35.35972_-76.10556",1967
"1034","35.36083_-76.105",1967
"1038","35.36361_-76.09417",1967
"1042","35.36056_-76.10194",1967
"1082","35.37306_-76.07028",1967
"1094","35.37028_-76.06361",1967
"1109","35.36889_-76.08722",1967
"1134","35.36222_-76.08194",1967
"1140","35.35139_-76.09167",1967
"1146","35.35778_-76.10444",1967
"1159","35.36944_-76.07944",1967
"1173","35.35833_-76.10472",1967
"1178","35.34222_-76.09583",1967
"1186","35.34444_-76.10889",1967
"1190","35.34417_-76.09583",1967
"1194","35.3425_-76.08861",1967
"1234","35.36639_-76.0675",1967
"1275","35.35056_-76.09333",1967
"1455","35.33330154_-76.08329773",1967
"1539","35.33330154_-76.0667038",1967
"1682","35.34999847_-76.0667038",1967
"1686","35.34999847_-76.09999847",1967
"1532","35.33330154_-76",1968
"1683","35.34999847_-76.05000305",1968
"1752","35.36669922_-76",1968
"1881","35.33330154_-76.01670074",1968
"1473","35.34999847_-75.98329926",1969
"1474","35.36669922_-75.98329926",1969
"1556","35.33330154_-75.9332962",1969
"1931","35.3667_-75.9833",1969
"1954","35.33330154_-75.98329926",1969
"2164","35.36667_-75.98333",1969
"1522","35.34999847_-75.90000153",1970
"1523","35.33330154_-75.90000153",1970
"1785","35.34999847_-75.91670227",1970
"2019","35.38_-75.9",1970
"2030","35.35_-75.92",1970
"2166","35.35_-75.88333",1970
"1676","35.34999847_-75.86669922",1971
"1754","35.34999847_-75.83329773",1971
"1755","35.34999847_-75.84999847",1971
"1784","35.33330154_-75.84999847",1971
"1823","35.33330154_-75.83329773",1971
"1974","35.33330154_-75.86669922",1971
"1976","35.33330154_-75.8167038",1971
"2162","35.33333_-75.85",1971
"1524","35.33330154_-75.80000305",1972
"1526","35.34999847_-75.75",1972
"1555","35.33330154_-75.76670074",1972
"1886","35.36669922_-75.75",1972
"1977","35.33330154_-75.75",1972
"2018","35.37_-75.77",1972
"1525","35.33330154_-75.71669769",1973
"1814","35.33330154_-75.69999695",1973
"1892","35.34999847_-75.69999695",1973
"1978","35.34999847_-75.71669769",1973
"2017","35.37_-75.72",1973
"1815","35.34999847_-75.65000153",1974
"1847","35.36669922_-75.65000153",1974
"1887","35.34999847_-75.63330078",1974
"2084","35.35_-75.65",1974
"1619","35.36669922_-75.58329773",1975
"1620","35.34999847_-75.61669922",1975
"1848","35.36669922_-75.59999847",1975
"1979","35.36669922_-75.61669922",1975
"48","35.34806_-75.51667",1976
"60","35.35694_-75.55722",1976
"74","35.36111_-75.55667",1976
"79","35.36528_-75.54833",1976
"91","35.34722_-75.56083",1976
"118","35.34556_-75.56194",1976
"144","35.34667_-75.56639",1976
"175","35.36861_-75.55389",1976
"184","35.34028_-75.52167",1976
"196","35.34944_-75.54139",1976
"210","35.35972_-75.55167",1976
"215","35.36167_-75.54472",1976
"227","35.34389_-75.55861",1976
"254","35.34333_-75.56194",1976
"280","35.34278_-75.56389",1976
"311","35.37861_-75.53222",1976
"1282","35.34972_-75.56028",1976
"1284","35.345_-75.55722",1976
"67","35.37583_-75.5025",1977
"203","35.37472_-75.50083",1977
"797","35.42556_-76.96861",2012
"1009","35.39528_-76.96639",2012
"716","35.425_-76.86528",2014
"727","35.42472_-76.87556",2014
"761","35.42472_-76.86417",2014
"792","35.42472_-76.84417",2014
"844","35.42833_-76.86028",2014
"855","35.4275_-76.87417",2014
"887","35.4275_-76.86361",2014
"918","35.42833_-76.84417",2014
"719","35.39028_-76.78194",2015
"723","35.42_-76.83917",2015
"740","35.41139_-76.8275",2015
"747","35.39_-76.78778",2015
"780","35.39028_-76.79389",2015
"784","35.39139_-76.79056",2015
"804","35.39611_-76.80861",2015
"807","35.39667_-76.81083",2015
"847","35.39194_-76.78278",2015
"851","35.42222_-76.83861",2015
"867","35.41389_-76.82806",2015
"874","35.39111_-76.78861",2015
"906","35.3925_-76.79194",2015
"910","35.39389_-76.80389",2015
"929","35.39861_-76.80722",2015
"932","35.39778_-76.80667",2015
"1627","35.41669846_-76.8167038",2015
"1801","35.41669846_-76.80000305",2015
"1949","35.41669846_-76.78330231",2015
"2154","35.41667_-76.8",2015
"741","35.42611_-76.72528",2016
"749","35.38139_-76.75861",2016
"750","35.38361_-76.76833",2016
"755","35.42361_-76.74833",2016
"758","35.42611_-76.72861",2016
"799","35.42528_-76.72778",2016
"868","35.42389_-76.71972",2016
"876","35.38306_-76.75722",2016
"877","35.385_-76.76806",2016
"881","35.42_-76.74833",2016
"884","35.42333_-76.7325",2016
"893","35.3925_-76.71944",2016
"925","35.42361_-76.72361",2016
"1339","35.428_-76.761",2016
"1436","35.40000153_-76.73329926",2016
"1446","35.40000153_-76.76670074",2016
"1586","35.40000153_-76.75",2016
"1997","35.4_-76.77",2016
"2120","35.4_-76.7667",2016
"693","35.41222_-76.66",2017
"789","35.41444_-76.66",2017
"803","35.42722_-76.70944",2017
"812","35.41_-76.66278",2017
"821","35.40722_-76.66167",2017
"911","35.41333_-76.66444",2017
"915","35.41111_-76.66417",2017
"928","35.42389_-76.70861",2017
"937","35.41028_-76.66222",2017
"1501","35.38330078_-76.69999695",2017
"1585","35.40000153_-76.71669769",2017
"1699","35.40000153_-76.66670227",2017
"1700","35.41669846_-76.6832962",2017
"1836","35.38330078_-76.66670227",2017
"1837","35.38330078_-76.6832962",2017
"1998","35.4_-76.68",2017
"2112","35.3833_-76.6667",2017
"2119","35.3833_-76.7",2017
"2121","35.4_-76.7167",2017
"2155","35.4_-76.7",2017
"689","35.39556_-76.61167",2018
"707","35.39194_-76.6025",2018
"736","35.41222_-76.65694",2018
"739","35.40361_-76.64806",2018
"771","35.40222_-76.64528",2018
"785","35.4125_-76.65556",2018
"808","35.39972_-76.62944",2018
"817","35.39361_-76.61",2018
"835","35.39056_-76.60361",2018
"864","35.41306_-76.65667",2018
"866","35.40139_-76.64833",2018
"897","35.38889_-76.62694",2018
"933","35.3975_-76.62917",2018
"1774","35.38330078_-76.61669922",2018
"1838","35.38330078_-76.63330078",2018
"1919","35.38330078_-76.65000153",2018
"2047","35.3833_-76.65",2018
"686","35.4225_-76.59583",2019
"814","35.38417_-76.59361",2019
"1337","35.404_-76.596",2019
"1435","35.38330078_-76.55000305",2019
"1584","35.40000153_-76.5667038",2019
"1639","35.41669846_-76.55000305",2019
"1705","35.41669846_-76.5667038",2019
"2052","35.4_-76.55",2019
"982","35.3975_-76.47806",2020
"1003","35.41611_-76.48222",2020
"1065","35.39778_-76.47861",2020
"1155","35.41222_-76.48056",2020
"1157","35.40472_-76.47694",2020
"1333","35.407_-76.508",2020
"1438","35.38330078_-76.53330231",2020
"2122","35.3833_-76.5333",2020
"948","35.41611_-76.45611",2021
"960","35.41778_-76.45611",2021
"962","35.40306_-76.47",2021
"972","35.41944_-76.42806",2021
"1005","35.40389_-76.47472",2021
"1028","35.42083_-76.45028",2021
"1062","35.41472_-76.45556",2021
"1072","35.41889_-76.42167",2021
"1100","35.41528_-76.45333",2021
"1112","35.41806_-76.45528",2021
"1114","35.40139_-76.475",2021
"1124","35.4225_-76.425",2021
"1133","35.39833_-76.47306",2021
"1180","35.40861_-76.45472",2021
"1214","35.40889_-76.45722",2021
"1217","35.40056_-76.47472",2021
"1329","35.425_-76.434",2021
"1331","35.396_-76.442",2021
"1332","35.422_-76.446",2021
"1986","35.40000153_-76.41670227",2021
"985","35.38556_-76.37278",2022
"1010","35.39972_-76.3925",2022
"1032","35.40417_-76.38417",2022
"1040","35.38583_-76.35639",2022
"1080","35.39278_-76.38583",2022
"1084","35.40361_-76.3575",2022
"1088","35.38778_-76.38556",2022
"1137","35.38389_-76.3725",2022
"1162","35.39861_-76.39333",2022
"1184","35.41361_-76.39667",2022
"1224","35.41972_-76.41222",2022
"1232","35.38583_-76.38667",2022
"1240","35.38611_-76.38722",2022
"1328","35.414_-76.357",2022
"945","35.39389_-76.34778",2023
"958","35.38583_-76.3175",2023
"961","35.40833_-76.34611",2023
"966","35.38306_-76.31444",2023
"999","35.39583_-76.34889",2023
"1004","35.38333_-76.31722",2023
"1008","35.39528_-76.34972",2023
"1022","35.39222_-76.33361",2023
"1033","35.39361_-76.34917",2023
"1069","35.39417_-76.34722",2023
"1097","35.39528_-76.34583",2023
"1110","35.38583_-76.32889",2023
"1113","35.40833_-76.34722",2023
"1151","35.39528_-76.34861",2023
"1156","35.38417_-76.31778",2023
"1160","35.39528_-76.3475",2023
"1174","35.39222_-76.33528",2023
"1185","35.38722_-76.34278",2023
"1221","35.39611_-76.34611",2023
"1236","35.40194_-76.35417",2023
"1327","35.385_-76.312",2023
"1326","35.391_-76.255",2024
"946","35.38278_-76.07722",2027
"965","35.415_-76.06333",2027
"992","35.38472_-76.07389",2027
"1013","35.38417_-76.06306",2027
"1030","35.38389_-76.0725",2027
"1046","35.42056_-76.055",2027
"1051","35.425_-76.05639",2027
"1060","35.42417_-76.055",2027
"1064","35.38389_-76.06111",2027
"1066","35.38583_-76.07139",2027
"1070","35.40528_-76.06778",2027
"1086","35.41583_-76.06417",2027
"1098","35.38833_-76.06972",2027
"1117","35.41611_-76.05944",2027
"1144","35.40083_-76.06278",2027
"1165","35.385_-76.06278",2027
"1203","35.39861_-76.05944",2027
"1212","35.41667_-76.05222",2027
"1218","35.38917_-76.05222",2027
"1222","35.40583_-76.06222",2027
"1238","35.41583_-76.06222",2027
"1324","35.414_-76.065",2027
"938","35.41722_-76.02083",2028
"949","35.415_-76.03361",2028
"974","35.4125_-76.03111",2028
"1018","35.41194_-76.03",2028
"1074","35.42056_-76.03361",2028
"1090","35.38528_-76.03194",2028
"1101","35.38278_-76.04972",2028
"1126","35.41111_-76.03278",2028
"1170","35.41_-76.0275",2028
"1182","35.39083_-76.04639",2028
"1198","35.41389_-76.04833",2028
"1207","35.40861_-76.03639",2028
"1216","35.38806_-76.05111",2028
"1226","35.41611_-76.04083",2028
"1626","35.41669846_-76.05000305",2028
"1822","35.38330078_-76",2028
"1860","35.38330078_-76.01670074",2028
"2165","35.38333_-76.01667",2028
"1434","35.41669846_-75.9332962",2029
"1475","35.38330078_-75.96669769",2029
"1477","35.41669846_-75.94999695",2029
"2096","35.4_-75.95",2029
"2097","35.3833_-75.95",2029
"1472","35.41669846_-75.88330078",2030
"1521","35.41669846_-75.91670227",2030
"1955","35.38330078_-75.91670227",2030
"1959","35.41669846_-75.90000153",2030
"2080","35.4167_-75.9",2030
"2160","35.41667_-75.88333",2030
"2167","35.38333_-75.88333",2030
"1470","35.41669846_-75.8167038",2031
"1471","35.41669846_-75.86669922",2031
"1646","35.38330078_-75.84999847",2031
"1756","35.40000153_-75.86669922",2031
"1824","35.40000153_-75.84999847",2031
"1857","35.40000153_-75.8167038",2031
"1958","35.41669846_-75.83329773",2031
"2020","35.42_-75.85",2031
"2161","35.38333_-75.85",2031
"1608","35.38330078_-75.75",2032
"1609","35.40000153_-75.76670074",2032
"1766","35.40000153_-75.75",2032
"1767","35.41669846_-75.78330231",2032
"1858","35.41669846_-75.80000305",2032
"1980","35.40000153_-75.80000305",2032
"1468","35.40000153_-75.73329926",2033
"1569","35.38330078_-75.69999695",2033
"1570","35.40000153_-75.69999695",2033
"1765","35.41669846_-75.71669769",2033
"1856","35.40000153_-75.71669769",2033
"1934","35.41669846_-75.73329926",2033
"1937","35.41669846_-75.69999695",2033
"1425","35.40000153_-75.63330078",2034
"1689","35.38330078_-75.6832962",2034
"1692","35.41669846_-75.65000153",2034
"1734","35.40000153_-75.66670227",2034
"1735","35.41669846_-75.63330078",2034
"1924","35.40000153_-75.65000153",2034
"1936","35.41669846_-75.66670227",2034
"1571","35.38330078_-75.58329773",2035
"1617","35.41669846_-75.59999847",2035
"1690","35.38330078_-75.61669922",2035
"1691","35.40000153_-75.59999847",2035
"1849","35.40000153_-75.58329773",2035
"2085","35.3833_-75.6",2035
"104","35.41056_-75.50667",2036
"116","35.38889_-75.53861",2036
"125","35.42361_-75.52",2036
"127","35.3925_-75.52556",2036
"142","35.42194_-75.52194",2036
"189","35.39_-75.50611",2036
"233","35.40361_-75.52056",2036
"240","35.41083_-75.51972",2036
"252","35.38389_-75.53167",2036
"263","35.39917_-75.51972",2036
"278","35.4275_-75.52417",2036
"295","35.40194_-75.51556",2036
"1424","35.41669846_-75.55000305",2036
"1572","35.38330078_-75.5667038",2036
"1618","35.40000153_-75.5667038",2036
"1645","35.38330078_-75.53330231",2036
"2086","35.3833_-75.5667",2036
"2087","35.4167_-75.5667",2036
"53","35.3925_-75.50139",2037
"80","35.42083_-75.49361",2037
"97","35.40833_-75.50528",2037
"106","35.40556_-75.50556",2037
"150","35.40583_-75.49444",2037
"159","35.40222_-75.50028",2037
"167","35.40417_-75.50528",2037
"216","35.4125_-75.49361",2037
"242","35.40444_-75.49528",2037
"286","35.40139_-75.49694",2037
"303","35.40278_-75.49639",2037
"699","35.44944_-76.97222",2072
"722","35.47333_-76.98917",2072
"734","35.4475_-76.97167",2072
"744","35.44889_-76.97194",2072
"751","35.47167_-76.98556",2072
"765","35.47444_-76.99139",2072
"776","35.43417_-76.965",2072
"827","35.44778_-76.97056",2072
"850","35.47472_-76.98917",2072
"862","35.44861_-76.97111",2072
"871","35.44611_-76.96889",2072
"878","35.47389_-76.985",2072
"902","35.43639_-76.965",2072
"923","35.44222_-76.96722",2072
"1272","35.43639_-76.96556",2072
"1277","35.44222_-76.96861",2072
"690","35.43889_-76.91417",2073
"695","35.44861_-76.9325",2073
"701","35.47278_-76.93",2073
"711","35.44472_-76.92222",2073
"712","35.43833_-76.91167",2073
"737","35.43972_-76.91556",2073
"742","35.44_-76.915",2073
"764","35.44444_-76.9225",2073
"769","35.44278_-76.94611",2073
"775","35.47639_-76.94972",2073
"783","35.46472_-76.91833",2073
"806","35.44389_-76.94111",2073
"818","35.44139_-76.91417",2073
"823","35.44889_-76.93306",2073
"829","35.47528_-76.93111",2073
"839","35.445_-76.91972",2073
"840","35.44194_-76.91528",2073
"843","35.47528_-76.95389",2073
"869","35.44167_-76.91333",2073
"890","35.44444_-76.91972",2073
"895","35.44222_-76.95778",2073
"901","35.47111_-76.94833",2073
"909","35.46306_-76.92528",2073
"931","35.44667_-76.94083",2073
"1444","35.45000076_-76.94999695",2073
"1503","35.45000076_-76.9332962",2073
"2113","35.45_-76.95",2073
"688","35.46028_-76.89111",2074
"700","35.43083_-76.88944",2074
"731","35.46_-76.89917",2074
"766","35.44972_-76.85028",2074
"770","35.45778_-76.87417",2074
"811","35.45278_-76.85667",2074
"816","35.4575_-76.89194",2074
"828","35.43306_-76.88611",2074
"859","35.45667_-76.89389",2074
"896","35.44833_-76.87306",2074
"936","35.45_-76.85861",2074
"1502","35.45000076_-76.90000153",2074
"1720","35.43330002_-76.84999847",2074
"1869","35.45000076_-76.86669922",2074
"1873","35.43330002_-76.88330078",2074
"2123","35.45_-76.9",2074
"696","35.45333_-76.82333",2075
"705","35.44333_-76.8125",2075
"708","35.43278_-76.78389",2075
"756","35.44583_-76.81444",2075
"757","35.45083_-76.82611",2075
"777","35.45556_-76.82694",2075
"788","35.435_-76.79333",2075
"796","35.44917_-76.82778",2075
"800","35.44889_-76.83639",2075
"824","35.45556_-76.82361",2075
"833","35.44167_-76.80417",2075
"836","35.43083_-76.78444",2075
"882","35.44028_-76.81278",2075
"883","35.45056_-76.82333",2075
"892","35.44583_-76.83944",2075
"903","35.455_-76.8225",2075
"914","35.43444_-76.80083",2075
"922","35.445_-76.82833",2075
"926","35.44778_-76.83889",2075
"1340","35.454_-76.818",2075
"1437","35.43330002_-76.83329773",2075
"1637","35.43330002_-76.8167038",2075
"2048","35.4333_-76.8167",2075
"704","35.46861_-76.60194",2078
"743","35.45528_-76.60694",2078
"832","35.47028_-76.6",2078
"870","35.45556_-76.60361",2078
"1336","35.46_-76.606",2078
"1338","35.432_-76.654",2078
"802","35.47_-76.55806",2079
"809","35.46972_-76.55806",2079
"934","35.46861_-76.56111",2079
"1440","35.45000076_-76.58329773",2079
"1623","35.46670151_-76.58329773",2079
"1638","35.43330002_-76.5667038",2079
"2051","35.4667_-76.5833",2079
"2110","35.4333_-76.5667",2079
"1334","35.445_-76.528",2080
"954","35.45694_-76.42556",2081
"977","35.44389_-76.42306",2081
"993","35.43833_-76.42056",2081
"1020","35.44806_-76.41611",2081
"1025","35.45167_-76.41583",2081
"1044","35.45917_-76.42778",2081
"1068","35.445_-76.42444",2081
"1106","35.45833_-76.42333",2081
"1129","35.44222_-76.42083",2081
"1145","35.43806_-76.41944",2081
"1172","35.44861_-76.41639",2081
"1196","35.44528_-76.42",2081
"1220","35.44361_-76.42083",2081
"1330","35.442_-76.431",2081
"1177","35.45_-76.41472",2082
"1055","35.4325_-76.06167",2087
"1078","35.43472_-76.05361",2087
"1323","35.43_-76.064",2087
"1000","35.47556_-75.99611",2088
"1152","35.47528_-75.99528",2088
"1230","35.42889_-76.04722",2088
"1322","35.474_-76.008",2088
"1476","35.46670151_-75.9332962",2089
"1581","35.45000076_-75.9332962",2089
"1930","35.46670151_-75.94999695",2089
"1956","35.45000076_-75.94999695",2089
"1650","35.43330002_-75.90000153",2090
"1757","35.46670151_-75.91670227",2090
"2137","35.4333_-75.9167",2090
"1599","35.43330002_-75.86669922",2091
"2081","35.45_-75.8333",2091
"1469","35.4333_-75.75",2092
"1610","35.46670151_-75.75",2092
"1611","35.46670151_-75.80000305",2092
"1649","35.43330002_-75.76670074",2092
"1675","35.43330002_-75.78330231",2092
"1677","35.45000076_-75.78330231",2092
"1711","35.45000076_-75.80000305",2092
"1831","35.46670151_-75.78330231",2092
"2083","35.4333_-75.8",2092
"1710","35.45000076_-75.73329926",2093
"1825","35.45000076_-75.71669769",2093
"1981","35.43330002_-75.69999695",2093
"1421","35.46670151_-75.6832962",2094
"1422","35.46670151_-75.66670227",2094
"1534","35.45000076_-75.65000153",2094
"1647","35.45000076_-75.66670227",2094
"1982","35.46670151_-75.63330078",2094
"1450","35.45000076_-75.61669922",2095
"1573","35.45000076_-75.59999847",2095
"1737","35.46670151_-75.58329773",2095
"1851","35.43330002_-75.59999847",2095
"1852","35.46670151_-75.59999847",2095
"2088","35.45_-75.5833",2095
"70","35.47444_-75.52222",2096
"78","35.47611_-75.52306",2096
"123","35.47194_-75.51889",2096
"146","35.44306_-75.51333",2096
"259","35.4725_-75.51333",2096
"261","35.43222_-75.52611",2096
"282","35.44222_-75.51028",2096
"1247","35.47111_-75.51417",2096
"1259","35.47056_-75.51722",2096
"1267","35.42972_-75.5275",2096
"1574","35.46670151_-75.5667038",2096
"1702","35.45000076_-75.53330231",2096
"1736","35.43330002_-75.5667038",2096
"1850","35.43330002_-75.55000305",2096
"73","35.45278_-75.495",2097
"209","35.45167_-75.50417",2097
"685","35.50972_-77.0475",2131
"706","35.50944_-77.02667",2131
"730","35.49972_-77.04111",2131
"760","35.505_-77.02222",2131
"795","35.48861_-77.02444",2131
"801","35.5075_-77.04472",2131
"810","35.5025_-77.02389",2131
"813","35.50917_-77.04806",2131
"834","35.51_-77.02583",2131
"858","35.49972_-77.03833",2131
"886","35.50694_-77.02194",2131
"921","35.49028_-77.02333",2131
"927","35.50639_-77.04417",2131
"691","35.48972_-76.98389",2132
"718","35.51333_-77.00917",2132
"738","35.49972_-76.9975",2132
"748","35.48167_-76.96861",2132
"753","35.51556_-77.0125",2132
"787","35.48389_-76.98417",2132
"791","35.49306_-76.98806",2132
"819","35.48889_-76.98583",2132
"846","35.51444_-77.01306",2132
"865","35.49889_-76.99861",2132
"875","35.48139_-76.97222",2132
"891","35.47972_-77.00139",2132
"913","35.50611_-77.01583",2132
"917","35.49194_-76.99",2132
"935","35.50333_-77.01944",2132
"715","35.47778_-76.95139",2133
"726","35.48278_-76.95083",2133
"854","35.48056_-76.95361",2133
"694","35.52417_-76.62389",2138
"698","35.49583_-76.61806",2138
"735","35.50556_-76.62722",2138
"759","35.49861_-76.62139",2138
"774","35.48583_-76.6075",2138
"794","35.50028_-76.62167",2138
"798","35.50611_-76.62806",2138
"822","35.52306_-76.62306",2138
"826","35.49833_-76.61667",2138
"863","35.50639_-76.62417",2138
"885","35.49694_-76.61694",2138
"900","35.48917_-76.60917",2138
"920","35.50111_-76.6175",2138
"924","35.50778_-76.62611",2138
"1439","35.51670074_-76.61669922",2138
"1447","35.51670074_-76.59999847",2138
"1773","35.5_-76.59999847",2138
"2050","35.5167_-76.6167",2138
"2108","35.5167_-76.6",2138
"2159","35.5_-76.6",2138
"687","35.50833_-76.57778",2139
"702","35.50833_-76.58083",2139
"714","35.49972_-76.57944",2139
"717","35.50861_-76.57917",2139
"721","35.48722_-76.56083",2139
"752","35.51139_-76.58417",2139
"754","35.50861_-76.57389",2139
"768","35.50944_-76.56083",2139
"772","35.49639_-76.55861",2139
"779","35.50806_-76.55917",2139
"782","35.50694_-76.55806",2139
"790","35.49111_-76.56444",2139
"815","35.5125_-76.57667",2139
"830","35.51222_-76.57667",2139
"842","35.49389_-76.57806",2139
"845","35.51111_-76.57944",2139
"849","35.4875_-76.56417",2139
"879","35.50861_-76.58361",2139
"880","35.51222_-76.57694",2139
"894","35.51722_-76.5675",2139
"898","35.48806_-76.56806",2139
"905","35.51306_-76.55667",2139
"908","35.50889_-76.57667",2139
"916","35.48944_-76.56639",2139
"1273","35.50889_-76.56278",2139
"1335","35.481_-76.541",2139
"1583","35.51670074_-76.58329773",2139
"1707","35.48329926_-76.58329773",2139
"1719","35.51670074_-76.5667038",2139
"1874","35.51670074_-76.55000305",2139
"2001","35.48_-76.58",2139
"2002","35.52_-76.55",2139
"2135","35.4833_-76.5833",2139
"2136","35.5167_-76.5667",2139
"2157","35.48333_-76.58333",2139
"2158","35.51667_-76.58333",2139
"1448","35.51670074_-76.51670074",2140
"1449","35.51670074_-76.5",2140
"1506","35.51670074_-76.53330231",2140
"2109","35.5167_-76.5167",2140
"955","35.52083_-75.95667",2149
"984","35.51944_-75.95861",2149
"1107","35.51917_-75.95278",2149
"1136","35.52361_-75.94917",2149
"1161","35.50167_-75.96611",2149
"1321","35.512_-75.986",2149
"1859","35.48329926_-75.9332962",2149
"1580","35.48329926_-75.91670227",2150
"1612","35.5_-75.88330078",2150
"1713","35.48329926_-75.90000153",2150
"2138","35.5167_-75.8833",2150
"1416","35.48329926_-75.83329773",2151
"1417","35.51670074_-75.83329773",2151
"1538","35.51670074_-75.84999847",2151
"1832","35.48329926_-75.8167038",2151
"1957","35.5_-75.84999847",2151
"2021","35.48_-75.82",2151
"2082","35.4833_-75.85",2151
"1642","35.48329926_-75.78330231",2152
"1674","35.5_-75.78330231",2152
"1829","35.5_-75.75",2152
"1830","35.48329926_-75.76670074",2152
"2022","35.5_-75.77",2152
"2023","35.52_-75.77",2152
"1454","35.5_-75.71669769",2153
"1537","35.48329926_-75.71669769",2153
"1578","35.48329926_-75.73329926",2153
"1673","35.51670074_-75.73329926",2153
"1938","35.48329926_-75.69999695",2153
"1793","35.5_-75.65000153",2154
"1899","35.5_-75.6832962",2154
"1478","35.5_-75.59999847",2155
"1536","35.51670074_-75.61669922",2155
"1575","35.51670074_-75.58329773",2155
"1738","35.48329926_-75.59999847",2155
"1739","35.48329926_-75.61669922",2155
"185","35.48833_-75.50889",2156
"195","35.50306_-75.5075",2156
"206","35.47917_-75.51972",2156
"214","35.49111_-75.51806",2156
"219","35.50861_-75.52167",2156
"231","35.50889_-75.52083",2156
"293","35.49917_-75.50944",2156
"1423","35.51670074_-75.55000305",2156
"49","35.48_-75.49694",2157
"59","35.50306_-75.49861",2157
"83","35.50528_-75.49278",2157
"95","35.50111_-75.48611",2157
"132","35.52139_-75.50056",2157
"157","35.48583_-75.50028",2157
"725","35.53306_-76.60861",2198
"805","35.52944_-76.62528",2198
"853","35.52972_-76.605",2198
"930","35.52917_-76.62361",2198
"1706","35.53329849_-76.61669922",2198
"692","35.53833_-76.56806",2199
"710","35.53306_-76.55194",2199
"729","35.53972_-76.57833",2199
"733","35.53278_-76.56",2199
"745","35.53278_-76.56028",2199
"763","35.53917_-76.57528",2199
"786","35.52889_-76.55667",2199
"820","35.53556_-76.5675",2199
"838","35.52917_-76.56139",2199
"857","35.53667_-76.58",2199
"861","35.53139_-76.5625",2199
"872","35.52861_-76.56222",2199
"889","35.53528_-76.57583",2199
"912","35.52833_-76.55694",2199
"968","35.535_-75.94194",2209
"971","35.53333_-75.94889",2209
"1120","35.53111_-75.94111",2209
"1123","35.53_-75.94611",2209
"944","35.57139_-75.90167",2210
"976","35.56889_-75.90306",2210
"980","35.53917_-75.92556",2210
"987","35.53917_-75.925",2210
"1006","35.55333_-75.91278",2210
"1017","35.55278_-75.91",2210
"1027","35.545_-75.91361",2210
"1128","35.56861_-75.9",2210
"1131","35.53361_-75.92667",2210
"1139","35.525_-75.91361",2210
"1158","35.555_-75.91278",2210
"1169","35.55417_-75.9125",2210
"1179","35.53056_-75.91917",2210
"1320","35.549_-75.923",2210
"1535","35.53329849_-75.88330078",2210
"1219","35.57083_-75.81417",2211
"1418","35.54999924_-75.83329773",2211
"1712","35.53329849_-75.84999847",2211
"1758","35.53329849_-75.83329773",2211
"1939","35.54999924_-75.8167038",2211
"2095","35.5667_-75.8667",2211
"1419","35.54999924_-75.76670074",2212
"1631","35.54999924_-75.78330231",2212
"1929","35.54999924_-75.75",2212
"2139","35.55_-75.8",2212
"1420","35.53329849_-75.73329926",2213
"1855","35.54999924_-75.73329926",2213
"1888","35.56669998_-75.66670227",2214
"1616","35.56669998_-75.58329773",2215
"1792","35.54999924_-75.59999847",2215
"200","35.54278_-75.51056",2216
"236","35.54972_-75.54278",2216
"245","35.54417_-75.50667",2216
"268","35.5325_-75.52833",2216
"300","35.52611_-75.52111",2216
"1268","35.53444_-75.52694",2216
"1451","35.56669998_-75.55000305",2216
"1826","35.54999924_-75.5667038",2216
"64","35.54389_-75.48917",2217
"100","35.53861_-75.47889",2217
"109","35.545_-75.48556",2217
"112","35.55417_-75.47611",2217
"117","35.54806_-75.485",2217
"154","35.54111_-75.485",2217
"164","35.52694_-75.48472",2217
"173","35.55889_-75.4775",2217
"248","35.55694_-75.49",2217
"253","35.55611_-75.49",2217
"290","35.55972_-75.49",2217
"309","35.55944_-75.49333",2217
"1265","35.54833_-75.47361",2217
"956","35.57806_-75.88222",2270
"973","35.61528_-75.87194",2270
"978","35.61417_-75.88806",2270
"1016","35.58472_-75.88528",2270
"1019","35.57667_-75.8775",2270
"1024","35.59306_-75.88889",2270
"1058","35.59361_-75.89222",2270
"1096","35.57389_-75.88417",2270
"1108","35.57861_-75.87806",2270
"1125","35.61361_-75.87528",2270
"1130","35.61222_-75.88417",2270
"1168","35.58778_-75.88528",2270
"1171","35.57667_-75.88222",2270
"1176","35.59194_-75.88806",2270
"1204","35.60056_-75.88361",2270
"1208","35.58167_-75.87806",2270
"1210","35.59639_-75.8875",2270
"1213","35.61_-75.88083",2270
"1223","35.6175_-75.8775",2270
"1231","35.61972_-75.88278",2270
"1235","35.61833_-75.885",2270
"1319","35.601_-75.903",2270
"941","35.58694_-75.8125",2271
"951","35.5725_-75.83528",2271
"969","35.58806_-75.85722",2271
"1002","35.58389_-75.81556",2271
"1043","35.58611_-75.84111",2271
"1056","35.59028_-75.82111",2271
"1067","35.57278_-75.815",2271
"1093","35.58472_-75.81417",2271
"1103","35.57639_-75.84111",2271
"1121","35.5825_-75.855",2271
"1154","35.58361_-75.83222",2271
"1195","35.58056_-75.84722",2271
"1317","35.598_-75.818",2271
"1577","35.58330154_-75.86669922",2271
"1925","35.58330154_-75.75",2272
"1684","35.59999847_-75.71669769",2273
"1926","35.61669922_-75.71669769",2273
"1985","35.58330154_-75.71669769",2273
"1431","35.59999847_-75.65000153",2274
"1613","35.58330154_-75.65000153",2274
"1696","35.61669922_-75.6832962",2274
"1759","35.61669922_-75.66670227",2274
"1786","35.58330154_-75.66670227",2274
"1787","35.59999847_-75.6832962",2274
"1983","35.58330154_-75.63330078",2274
"2024","35.58_-75.6",2275
"2025","35.62_-75.57",2275
"139","35.61611_-75.51833",2276
"140","35.58194_-75.50889",2276
"153","35.61222_-75.51417",2276
"226","35.57806_-75.515",2276
"275","35.60722_-75.52333",2276
"1432","35.59999847_-75.55000305",2276
"1433","35.58330154_-75.5667038",2276
"1827","35.59999847_-75.5667038",2276
"1898","35.58330154_-75.55000305",2276
"1942","35.61669922_-75.5667038",2276
"61","35.59167_-75.47028",2277
"86","35.58972_-75.47167",2277
"90","35.57806_-75.47056",2277
"145","35.60694_-75.47833",2277
"178","35.58944_-75.47306",2277
"197","35.59306_-75.47278",2277
"222","35.59333_-75.47333",2277
"276","35.58111_-75.50389",2277
"281","35.60611_-75.48917",2277
"289","35.6075_-75.50333",2277
"314","35.57667_-75.50111",2277
"1242","35.57778_-75.48",2277
"959","35.62556_-75.87056",2330
"1052","35.63083_-75.88556",2330
"1061","35.62861_-75.8825",2330
"1071","35.63944_-75.88944",2330
"1079","35.63472_-75.88639",2330
"1083","35.63056_-75.885",2330
"1111","35.6275_-75.87417",2330
"1119","35.62611_-75.87639",2330
"967","35.62611_-75.86889",2331
"1318","35.624_-75.864",2331
"989","35.66444_-75.76639",2332
"998","35.66444_-75.76889",2332
"1150","35.66333_-75.76222",2332
"1031","35.64528_-75.73917",2333
"1141","35.64806_-75.73472",2333
"1183","35.64167_-75.73306",2333
"1429","35.66669846_-75.69999695",2333
"1456","35.65000153_-75.69999695",2333
"1458","35.66669846_-75.73329926",2333
"1630","35.63330078_-75.71669769",2333
"2028","35.65_-75.7",2333
"2029","35.63_-75.7",2333
"2094","35.6667_-75.7167",2333
"1430","35.63330078_-75.6832962",2334
"1453","35.66669846_-75.66670227",2334
"1457","35.63330078_-75.66670227",2334
"1632","35.66669846_-75.6832962",2334
"1695","35.65000153_-75.66670227",2334
"1701","35.65000153_-75.6832962",2334
"1760","35.63330078_-75.65000153",2334
"1889","35.66669846_-75.63330078",2334
"1460","35.65000153_-75.61669922",2335
"1614","35.66669846_-75.61669922",2335
"1763","35.63330078_-75.61669922",2335
"1791","35.66669846_-75.59999847",2335
"1896","35.66669846_-75.58329773",2335
"1897","35.63330078_-75.58329773",2335
"62","35.64861_-75.51528",2336
"92","35.64972_-75.53333",2336
"176","35.62028_-75.51722",2336
"198","35.63472_-75.51583",2336
"228","35.65389_-75.54361",2336
"257","35.65417_-75.51389",2336
"296","35.65833_-75.51333",2336
"312","35.62944_-75.52444",2336
"1245","35.65194_-75.515",2336
"1615","35.63330078_-75.5667038",2336
"121","35.65667_-75.50167",2337
"1258","35.655_-75.50333",2337
"947","35.68389_-75.77667",2392
"997","35.68417_-75.77833",2392
"1035","35.67639_-75.76167",2392
"1087","35.70083_-75.74861",2392
"1099","35.68389_-75.775",2392
"1149","35.68472_-75.76972",2392
"1187","35.67556_-75.75083",2392
"1389","35.694333_-75.768917",2392
"1039","35.6825_-75.73",2393
"1047","35.68222_-75.73083",2393
"1075","35.6825_-75.74",2393
"1191","35.67167_-75.72972",2393
"1199","35.67139_-75.72333",2393
"1227","35.68306_-75.74472",2393
"1239","35.69194_-75.74444",2393
"1740","35.68330002_-75.69999695",2393
"1576","35.68330002_-75.6832962",2394
"1633","35.70000076_-75.66670227",2394
"1721","35.70000076_-75.6832962",2394
"1790","35.70000076_-75.63330078",2394
"1853","35.68330002_-75.63330078",2394
"1854","35.68330002_-75.65000153",2394
"1895","35.70000076_-75.65000153",2394
"2089","35.6833_-75.65",2394
"1762","35.70000076_-75.61669922",2395
"2026","35.67_-75.58",2395
"137","35.685_-75.52361",2396
"160","35.67139_-75.51833",2396
"162","35.69889_-75.55",2396
"170","35.68333_-75.5175",2396
"273","35.68389_-75.53639",2396
"298","35.69528_-75.55667",2396
"306","35.70444_-75.51861",2396
"1307","35.699_-75.54",2396
"1459","35.73329926_-75.69999695",2453
"1788","35.71670151_-75.69999695",2453
"2027","35.72_-75.7",2453
"1428","35.73329926_-75.6832962",2454
"1461","35.75_-75.6832962",2454
"1462","35.75_-75.65000153",2454
"1741","35.71670151_-75.6832962",2454
"1890","35.73329926_-75.63330078",2454
"87","35.73806_-75.54472",2456
"223","35.72944_-75.55639",2456
"1427","35.76670074_-75.69999695",2513
"1940","35.78329849_-75.71669769",2513
"1426","35.78329849_-75.6832962",2514
"1641","35.76670074_-75.66670227",2514
"1742","35.76670074_-75.6832962",2514
"1789","35.79999924_-75.66670227",2514
"1891","35.76670074_-75.63330078",2514
"1984","35.76670074_-75.65000153",2514
"2090","35.7833_-75.6667",2514
"47","35.78389_-75.59917",2515
"126","35.80861_-75.58333",2515
"143","35.77861_-75.60028",2515
"155","35.79972_-75.57833",2515
"171","35.785_-75.60056",2515
"180","35.77194_-75.605",2515
"183","35.78028_-75.61917",2515
"269","35.79722_-75.57389",2515
"279","35.77111_-75.60778",2515
"291","35.79667_-75.5725",2515
"307","35.7975_-75.61389",2515
"316","35.76389_-75.62222",2515
"51","35.79972_-75.56528",2516
"131","35.79806_-75.55417",2516
"187","35.80222_-75.55722",2516
"1761","35.84999847_-75.69999695",2573
"1893","35.84999847_-75.73329926",2573
"1894","35.81669998_-75.71669769",2573
"1941","35.83330154_-75.69999695",2573
"2092","35.8333_-75.7",2573
"2093","35.8167_-75.7",2573
"262","35.81167_-75.62833",2574
"1248","35.81361_-75.62944",2574
"1927","35.81669998_-75.6832962",2574
"1928","35.84999847_-75.6832962",2574
"2091","35.8333_-75.6833",2574
"58","35.81333_-75.62056",2575
"133","35.81222_-75.56944",2575
"194","35.8125_-75.61861",2575
"267","35.81417_-75.61833",2575
"1244","35.81167_-75.56972",2575
"1308","35.843_-75.603",2575
"1309","35.823817_-75.619183",2575
"1312","35.862533_-75.754367",2632
"1828","35.86669922_-75.69999695",2633
"1310","35.874_-75.641",2634
"1314","35.898167_-75.659217",2634
"1313","35.944233_-75.81075",2691
"1315","35.912083_-75.669633",2694
"1311","35.998517_-75.6815",2754
"1316","36.035517_-75.705383",2813
